split,participant,sequence_id,status,eligible,reasons,receiving_hand_id,receiving_hand,handover_start_timestamp_ns,handover_end_timestamp_ns,handover_duration_seconds,aggregation_start_timestamp_ns,aggregation_end_timestamp_ns,stable_window_lag_seconds,candidate_rows,valid_samples,valid_ratio,valid_span_seconds,position_p90_deviation_m,orientation_p90_deviation_deg,target_x_m,target_y_m,target_z_m,target_qx,target_qy,target_qz,target_qw
test,Edu,Edu_10_20260616_150412,accepted,True,,1,right,3130712220000,3137078886000,6.366666,3136578886000,3137078886000,0.0,16,14,0.875,0.433333,0.01110876416931273,3.097348072492832,0.23833686113357544,0.8010584115982056,-0.1021144688129425,0.47503480315208435,0.511026918888092,0.5248545408248901,0.48756659030914307
test,Edu,Edu_2_20260604_170420,accepted,True,,1,right,7541112241000,7544012241000,2.9,7542745574000,7543245574000,0.766667,16,16,1.0,0.5,0.02812651993088179,8.641586105480586,0.09324285387992859,0.41366660594940186,0.09602979570627213,-0.4167637526988983,-0.3965376913547516,0.3231176733970642,0.7514391541481018
test,Edu,Edu_3_20260604_170622,accepted,True,,1,right,7666945573000,7670712239000,3.766666,7669445573000,7669945573000,0.766666,16,16,1.0,0.5,0.036501855694890846,11.527494972203428,0.1145714521408081,0.4051474928855896,0.09176097810268402,-0.40534862875938416,-0.39404943585395813,0.34588950872421265,0.7488511204719543
test,Edu,Edu_4_20260604_170837,accepted,True,,1,right,7807378905000,7811678904000,4.299999,7811178904000,7811678904000,0.0,16,13,0.8125,0.4,0.02831849516714909,4.917274532539299,0.3435462713241577,0.6727380752563477,-0.002095838775858283,-0.1852598935365677,0.2504560351371765,0.7680379748344421,0.5595250129699707
test,Edu,Edu_5_20260604_170944,accepted,True,,1,right,7873045570000,7878278903000,5.233333,7877778903000,7878278903000,0.0,16,14,0.875,0.433333,0.011904573607763556,1.7695981387683943,0.32647526264190674,0.6532193422317505,-0.0035057314671576023,-0.1561518907546997,0.19368217885494232,0.8579375743865967,0.44949623942375183
test,Edu,Edu_6_20260616_145740,accepted,True,,1,right,2735345557000,2745678889000,10.333332,2745178889000,2745678889000,0.0,16,12,0.75,0.366667,0.022038812106696448,6.055490239923271,0.4088532030582428,0.5714813470840454,-0.07947476953268051,0.09539051353931427,0.4700506925582886,0.7749192118644714,0.4116469919681549
test,Edu,Edu_7_20260616_145927,accepted,True,,1,right,2842512223000,2846412222000,3.899999,2845912222000,2846412222000,0.0,16,14,0.875,0.433334,0.03164523866805951,4.784481201821785,0.23810647428035736,0.686519980430603,-0.09182855486869812,0.3062674403190613,0.540544867515564,0.53543621301651,0.5721185207366943
test,Edu,Edu_8_20260616_150108,accepted,True,,1,right,2940545555000,2944545555000,4.0,2944045555000,2944545555000,0.0,16,13,0.8125,0.4,0.021915150557754268,3.4769884805490037,0.21692928671836853,0.7295807003974915,-0.09813582897186279,0.2725701630115509,0.5901192426681519,0.555711567401886,0.518314003944397
test,Edu,Edu_9_20260616_150247,accepted,True,,1,right,3043078887000,3046745554000,3.666667,3045245554000,3045745554000,1.0,16,16,1.0,0.5,0.03385250262848793,7.7524480898352195,0.18210956454277039,0.3895348906517029,0.11048521846532822,-0.45306867361068726,-0.32499364018440247,0.3133167326450348,0.7687265276908875
test,Jona,Jona_1_20260616_181413,accepted,True,,1,right,1786278904000,1790478904000,4.2,1789978904000,1790478904000,0.0,16,14,0.875,0.433333,0.01967650126246836,6.977284438022881,0.09415622800588608,0.3001800775527954,0.11872416734695435,-0.442485511302948,-0.17514540255069733,0.43320661783218384,0.76541668176651
test,Jona,Jona_2_20260616_181551,accepted,True,,1,right,1903812235000,1907445568000,3.633333,1906878901000,1907378901000,0.066667,16,12,0.75,0.366667,0.0033058584546994518,1.5002425063366844,0.1328272968530655,0.2389395833015442,0.07519645988941193,-0.4310671091079712,-0.32494062185287476,0.3735140562057495,0.7543752193450928
test,Jona,Jona_3_20260616_181717,accepted,True,,1,right,1994345567000,1997978900000,3.633333,1997312233000,1997812233000,0.166667,16,16,1.0,0.5,0.04716142315830982,8.390077101675283,0.10577608644962311,0.266679584980011,0.07419335097074509,-0.3883759379386902,-0.2319173663854599,0.39133375883102417,0.8013964891433716
test,Jona,Jona_4_20260616_181855,accepted,True,,1,right,2084612233000,2088745566000,4.133333,2088245566000,2088745566000,0.0,16,12,0.75,0.366667,0.004338732373671129,1.5588034176564178,0.10594549030065536,0.2605995833873749,0.0770723819732666,-0.3707178235054016,-0.28834402561187744,0.3992714583873749,0.7874060869216919
test,Jona,Jona_5_20260616_182002,accepted,True,,1,right,2154312232000,2157945565000,3.633333,2157412232000,2157912232000,0.033333,16,12,0.75,0.366667,0.0050406837792154584,1.9616756858462563,0.10979801416397095,0.22397032380104065,0.05184280127286911,-0.3838415741920471,-0.35525134205818176,0.32620736956596375,0.7874330878257751
test,Jona,Jona_6_20260616_182111,accepted,True,,1,right,2216645566000,2220678899000,4.033333,2220178899000,2220678899000,0.0,16,12,0.75,0.366666,0.006195595305321504,3.541467050728943,0.1188182458281517,0.24930772185325623,0.04953474551439285,-0.42621755599975586,-0.34445542097091675,0.3685764968395233,0.7508930563926697
test,Jona,Jona_7_20260616_182214,accepted,True,,1,right,2282112231000,2286012231000,3.9,2285512231000,2286012231000,0.0,16,13,0.8125,0.4,0.0025619353251828095,1.485649524261792,0.10380086302757263,0.30750560760498047,0.05804750323295593,-0.38867345452308655,-0.3328629732131958,0.36731064319610596,0.7766711115837097
test,Mona,Mona_1_20260624_123312,rejected,False,insufficient_valid_samples;low_valid_ratio;insufficient_valid_span,0,left,1101169609000,1108736275000,7.566666,1108236275000,1108736275000,0.0,16,0,0.0,0.0,,,,,,,,,
test,Mona,Mona_3_20260624_123548,accepted,True,,0,left,1263902942000,1268236275000,4.333333,1267736275000,1268236275000,0.0,16,13,0.8125,0.4,0.0011831832665017215,0.5789652715406751,0.15932385623455048,0.3779807686805725,0.11308343708515167,-0.3212861716747284,0.48548009991645813,-0.6713871955871582,0.4586103856563568
test,Mona,Mona_4_20260624_123706,accepted,True,,0,left,1344902942000,1348302942000,3.4,1347536275000,1348036275000,0.266667,16,16,1.0,0.5,0.02891507068137862,4.662394700933165,0.19427794218063354,0.3647618293762207,0.09895606338977814,-0.307210773229599,0.47870397567749023,-0.724193274974823,0.3898821771144867
test,Mona,Mona_5_20260624_123814,accepted,True,,0,left,1417736276000,1420969609000,3.233333,1420469609000,1420969609000,0.0,16,13,0.8125,0.4,0.001956554620308968,0.9031554410820217,0.16136614978313446,0.3460417687892914,0.09522369503974915,-0.318355530500412,0.5243247151374817,-0.6453245878219604,0.4552905559539795
test,Mona,Mona_6_20260624_123930,accepted,True,,0,left,1493602942000,1497102943000,3.500001,1496636276000,1497102943000,0.0,15,13,0.8666666666666667,0.4,0.0056916224479701925,1.5625137264392215,0.1626749187707901,0.3039787709712982,0.07187458872795105,-0.24798491597175598,0.5052309036254883,-0.6919806003570557,0.45211508870124817
test,Mona,Mona_7_20260624_124051,accepted,True,,0,left,1573702942000,1577202943000,3.500001,1576736276000,1577202943000,0.0,15,12,0.8,0.366667,0.0014466019440339652,0.3729964565621046,0.2029174566268921,0.39796727895736694,0.06370369344949722,-0.2920117974281311,0.5108129978179932,-0.689253568649292,0.4227631390094757
test,Mona,Mona_8_20260624_124414,accepted,True,,0,left,1784636275000,1788669609000,4.033334,1788169609000,1788669609000,0.0,16,13,0.8125,0.4,0.0018292375178178965,0.6601098273703991,0.20891650021076202,0.3769457936286926,0.08515582978725433,-0.3362223505973816,0.47467556595802307,-0.6952144503593445,0.42227303981781006
train,Angelina,Angelina_10_20260715_153801,accepted,True,,0,left,2405769609000,2410002943000,4.233334,2409469609000,2409969609000,0.033334,16,13,0.8125,0.4,0.0020827277432061636,1.5205268490968542,-0.27442100644111633,0.3534047305583954,0.12933756411075592,-0.5064614415168762,0.3685058057308197,-0.22728410363197327,0.7456823587417603
train,Angelina,Angelina_1_20260715_152929,accepted,True,,1,right,1907902942000,1911936275000,4.033333,1911436275000,1911936275000,0.0,16,14,0.875,0.433334,0.0036748886969114997,1.3695188517103487,0.18191954493522644,0.2945880889892578,0.08191998302936554,-0.48463791608810425,-0.3618776798248291,0.24143299460411072,0.7588680386543274
train,Angelina,Angelina_2_20260715_153046,accepted,True,,1,right,1982169609000,1986836276000,4.666667,1986336276000,1986836276000,0.0,16,13,0.8125,0.4,0.0020820638388322436,1.1625854545341356,0.2025614082813263,0.29568496346473694,0.06913263350725174,-0.5193738341331482,-0.3937981128692627,0.20119117200374603,0.7312291264533997
train,Angelina,Angelina_3_20260715_153144,accepted,True,,0,left,2037602942000,2042769609000,5.166667,2042269609000,2042769609000,0.0,16,13,0.8125,0.4,0.0027325612336127833,1.2864557706798796,-0.2385524958372116,0.3631455898284912,0.09548986703157425,-0.4648319184780121,0.38258838653564453,-0.271670401096344,0.7508346438407898
train,Angelina,Angelina_4_20260715_153241,accepted,True,,0,left,2087536276000,2092969609000,5.433333,2092469609000,2092969609000,0.0,16,13,0.8125,0.4,0.0024020690715955205,1.300786961126025,-0.2392418384552002,0.3591746389865875,0.11837950348854065,-0.47616639733314514,0.36812883615493774,-0.2773199677467346,0.7488927841186523
train,Angelina,Angelina_6_20260715_153440,accepted,True,,0,left,2209236276000,2216602942000,7.366666,2216102942000,2216602942000,0.0,16,13,0.8125,0.4,0.03448682146024091,7.640999870222745,-0.543971061706543,0.5910796523094177,-0.04176236316561699,0.2732405662536621,-0.5201141238212585,-0.8052187561988831,0.08027193695306778
train,Angelina,Angelina_7_20260715_153539,accepted,True,,0,left,2263036275000,2267902942000,4.866667,2267402942000,2267902942000,0.0,16,13,0.8125,0.4,0.002311445265045232,1.4590677135029042,-0.2346392720937729,0.3808746039867401,0.1283407211303711,-0.48060280084609985,0.3632274270057678,-0.25781163573265076,0.7553938627243042
train,Angelina,Angelina_8_20260715_153620,accepted,True,,0,left,2307702942000,2316236275000,8.533333,2315736275000,2316236275000,0.0,16,13,0.8125,0.4,0.008646123959658214,2.4795780989316767,-0.5384619832038879,0.582626461982727,-0.048535898327827454,0.25988414883613586,-0.5491703152656555,-0.792528510093689,0.052638038992881775
train,Angelina,Angelina_9_20260715_153718,accepted,True,,0,left,2358436275000,2362669609000,4.233334,2362136275000,2362636275000,0.033334,16,12,0.75,0.366667,0.0021942748738483448,1.1355317432531356,-0.258236289024353,0.364821195602417,0.10922764241695404,-0.4949325621128082,0.37204352021217346,-0.24108143150806427,0.747331976890564
train,Berat,Berat_10_20260616_142950,accepted,True,,1,right,1074179011000,1080479011000,6.3,1079979011000,1080479011000,0.0,16,14,0.875,0.433333,0.003023089926503444,0.8663953028617866,0.29485005140304565,0.2822474539279938,0.0015662740916013718,0.4347268342971802,0.4913373291492462,0.5140690207481384,0.5525696277618408
train,Berat,Berat_1_20260604_154611,accepted,True,,1,right,2867378959000,2871545625000,4.166666,2871045625000,2871545625000,0.0,16,13,0.8125,0.4,0.006706671326731935,2.4775948644972168,0.21198995411396027,0.5870234966278076,0.13930074870586395,-0.2263668328523636,-0.19615082442760468,0.4272907078266144,0.8530566096305847
train,Berat,Berat_3_20260604_154928,accepted,True,,1,right,3061278956000,3065945623000,4.666667,3064845623000,3065345623000,0.6,16,16,1.0,0.5,0.04456249919878333,12.064013008962615,0.1885242760181427,0.5395777821540833,0.15169858932495117,-0.26185452938079834,-0.16499780118465424,0.4639497399330139,0.8300352692604065
train,Berat,Berat_4_20260604_155100,accepted,True,,1,right,3154978956000,3159212289000,4.233333,3158712289000,3159212289000,0.0,16,13,0.8125,0.4,0.04630181100788593,21.19074956195089,0.37274986505508423,0.6447203755378723,0.022543853148818016,0.12594029307365417,0.5094748139381409,0.6245039105415344,0.5784196257591248
train,Berat,Berat_5_20260604_155234,accepted,True,,1,right,3258812287000,3263145620000,4.333333,3262645620000,3263145620000,0.0,16,13,0.8125,0.4,0.009612054998527228,1.3835398132496703,0.18703924119472504,0.5438096523284912,0.15057694911956787,-0.21722795069217682,-0.17791929841041565,0.466676265001297,0.8386715650558472
train,Berat,Berat_6_20260616_142129,accepted,True,,1,right,570479017000,575545683000,5.066666,574179016000,574679016000,0.866667,16,16,1.0,0.5,0.042018678888799066,6.435541362811499,0.16124272346496582,0.3725399672985077,0.06375917792320251,-0.37990033626556396,-0.23378896713256836,0.3261120319366455,0.8334683179855347
train,Berat,Berat_7_20260616_142358,accepted,True,,1,right,717745682000,724012348000,6.266666,723512348000,724012348000,0.0,16,13,0.8125,0.4,0.002402502810631377,0.6211422980845581,0.3387611508369446,0.3843289017677307,-0.0030741633381694555,0.31666097044944763,0.551864743232727,0.5083580613136292,0.5802958011627197
train,Berat,Berat_8_20260616_142539,accepted,True,,1,right,825445681000,831212347000,5.766666,830712347000,831212347000,0.0,16,13,0.8125,0.4,0.004243933497290688,2.246323969436684,0.3483761250972748,0.30884069204330444,-0.0025291889905929565,0.4365794360637665,0.5178090333938599,0.5259031653404236,0.5144881010055542
train,Berat,Berat_9_20260616_142847,accepted,True,,1,right,1010445679000,1017279011000,6.833332,1016779011000,1017279011000,0.0,16,13,0.8125,0.4,0.001313927132584478,0.8096850886375914,0.35469040274620056,0.3299119770526886,-0.007420807145535946,0.393435537815094,0.5275769233703613,0.5196631550788879,0.5448130965232849
train,David,David_1_20260715_140439,accepted,True,,1,right,1579902942000,1585502942000,5.6,1585002943000,1585502942000,0.0,16,14,0.875,0.433333,0.0019204534311482932,1.2229020687253165,0.19485408067703247,0.4212052524089813,0.11761752516031265,-0.37009647488594055,-0.40771982073783875,0.3227711021900177,0.7698129415512085
train,David,David_2_20260715_140628,accepted,True,,1,right,1687236276000,1692402942000,5.166666,1691902942000,1692402942000,0.0,16,14,0.875,0.433334,0.0015874523873962078,1.0526337133993264,0.20307454466819763,0.4361523687839508,0.1166754961013794,-0.435843288898468,-0.41280224919319153,0.35847389698028564,0.7149345278739929
train,David,David_3_20260715_140810,accepted,True,,1,right,1787369609000,1792669609000,5.3,1792102943000,1792602942000,0.066667,16,12,0.75,0.366666,0.0026340012661705795,1.1359285549654479,0.16721460223197937,0.3996046781539917,0.15965865552425385,-0.3632013201713562,-0.38180238008499146,0.3479958772659302,0.7753776907920837
train,David,David_4_20260715_140931,accepted,True,,1,right,1867369609000,1874136275000,6.766666,1873636275000,1874136275000,0.0,16,14,0.875,0.433334,0.002150662940419678,0.7413304740056176,-0.4115849733352661,0.4193868637084961,0.15145686268806458,-0.14605173468589783,-0.4706764817237854,0.7130078673362732,0.4987507462501526
train,David,David_5_20260715_141027,accepted,True,,0,left,1926569609000,1932469609000,5.9,1931969609000,1932469609000,0.0,16,13,0.8125,0.4,0.003027627080016352,1.1436712043209787,-0.21597445011138916,0.35583773255348206,0.1084296852350235,-0.3824376165866852,0.4028708338737488,-0.34714946150779724,0.7555949687957764
train,David,David_6_20260715_141130,accepted,True,,0,left,1988936275000,1995002942000,6.066667,1994502942000,1995002942000,0.0,16,13,0.8125,0.4,0.0033080684653717433,1.1122726073529963,-0.23549553751945496,0.3758940100669861,0.09508723765611649,-0.4166092276573181,0.41121557354927063,-0.3046393096446991,0.7513543367385864
train,David,david_7_20260715_141225,accepted,True,,0,left,2044069609000,2049402942000,5.333333,2048902942000,2049402942000,0.0,16,14,0.875,0.433333,0.002013301825569574,1.0789383590146295,-0.2663748264312744,0.4276861548423767,0.08438478410243988,-0.4082690179347992,0.4279438853263855,-0.3764936923980713,0.7130448222160339
train,David,david_8_20260715_141314,accepted,True,,0,left,2094402942000,2099269609000,4.866667,2098769609000,2099269609000,0.0,16,13,0.8125,0.4,0.0018270636061111646,1.3559463793759983,-0.233343705534935,0.44284602999687195,0.09338168799877167,-0.38824132084846497,0.39762526750564575,-0.38735172152519226,0.7356095910072327
train,Felix,Felix_2_20260604_172102,accepted,True,,1,right,8549406675000,8556440008000,7.033333,8555940008000,8556440008000,0.0,16,12,0.75,0.366666,0.010466132722571788,5.114274757070589,0.35204774141311646,0.7483118772506714,-0.0959104597568512,0.12073399871587753,-0.027515854686498642,0.8416491746902466,0.5256356596946716
train,Felix,Felix_3_20260604_172212,accepted,True,,1,right,8620045563000,8625812229000,5.766666,8625312229000,8625812229000,0.0,16,13,0.8125,0.4,0.01486930428559073,1.78851547548458,0.33946168422698975,0.7153664231300354,-0.014293605461716652,0.027171382680535316,0.6416659355163574,0.5683463215827942,0.5143043398857117
train,Felix,Felix_4_20260604_172358,accepted,True,,1,right,8727345562000,8732612228000,5.266666,8732112228000,8732612228000,0.0,16,13,0.8125,0.4,0.005206153126776079,1.567667329410991,0.2978673279285431,0.6992431282997131,-0.01206717174500227,0.11544341593980789,0.5828580260276794,0.6131514310836792,0.5205714702606201
train,Florian,Florian_10_20260715_151601,accepted,True,,0,left,1099069609000,1104136275000,5.066666,1103636275000,1104136275000,0.0,16,14,0.875,0.433334,0.0024302270652377597,0.8650802146210521,-0.2393295168876648,0.4670776426792145,0.1197071522474289,-0.6068403720855713,0.29374584555625916,-0.25762107968330383,0.6921629309654236
train,Florian,Florian_1_20260715_150317,accepted,True,,1,right,342702942000,346702942000,4.0,346202943000,346702942000,0.0,16,14,0.875,0.433333,0.0015634110213874183,0.8584815189546131,0.17018792033195496,0.39915573596954346,0.13953739404678345,-0.49632617831230164,-0.3442883789539337,0.4277550280094147,0.6724221110343933
train,Florian,Florian_2_20260715_150637,accepted,True,,1,right,544036276000,547436276000,3.4,546936276000,547436276000,0.0,16,14,0.875,0.433333,0.0010683616553650466,0.7738400370939665,0.15859436988830566,0.4565254747867584,0.09974470734596252,-0.4417307674884796,-0.36021724343299866,0.4972698390483856,0.654094934463501
train,Florian,Florian_3_20260715_150741,accepted,True,,1,right,608802942000,612569609000,3.766667,612069609000,612569609000,0.0,16,13,0.8125,0.4,0.0014082962080175902,1.0832206252962082,0.1301059126853943,0.44096091389656067,0.08876480162143707,-0.47104009985923767,-0.3328508734703064,0.47398844361305237,0.6653318405151367
train,Florian,Florian_4_20260715_150849,accepted,True,,1,right,679602942000,683302943000,3.700001,682769609000,683269609000,0.033334,16,13,0.8125,0.4,0.0015949658557195515,0.6938860875666615,0.1507798135280609,0.41028091311454773,0.08804050087928772,-0.4262367784976959,-0.4146933853626251,0.4204421639442444,0.6852591037750244
train,Florian,Florian_5_20260715_150959,accepted,True,,1,right,748602942000,753436276000,4.833334,752936276000,753436276000,0.0,16,13,0.8125,0.4,0.0027491756861654716,0.8916947744856004,0.15679658949375153,0.4738382399082184,0.13876581192016602,-0.45801010727882385,-0.3582229018211365,0.42539650201797485,0.6934990286827087
train,Florian,Florian_6_20260715_151126,accepted,True,,0,left,833002942000,837802942000,4.8,837302942000,837802942000,0.0,16,14,0.875,0.433333,0.0029951468562282096,0.827595696934115,-0.2231893390417099,0.44766080379486084,0.12105502188205719,-0.5651300549507141,0.3457656502723694,-0.23331664502620697,0.7117847204208374
train,Florian,Florian_7_20260715_151245,accepted,True,,0,left,910102943000,914802942000,4.699999,914302943000,914802942000,0.0,16,13,0.8125,0.399999,0.012639239155439207,1.1390007766580703,-0.23279884457588196,0.41691428422927856,0.1268559992313385,-0.578099250793457,0.3353799879550934,-0.22898176312446594,0.7077350616455078
train,Florian,Florian_8_20260715_151356,accepted,True,,0,left,975702942000,980602942000,4.9,980102943000,980602942000,0.0,16,14,0.875,0.433333,0.002743155018055404,0.9738844680176703,-0.24154379963874817,0.45534756779670715,0.1401960253715515,-0.5898078083992004,0.3253878057003021,-0.2228246033191681,0.7046976089477539
train,Florian,Florian_9_20260715_151452,accepted,True,,0,left,1039402942000,1044669609000,5.266667,1044169609000,1044669609000,0.0,16,14,0.875,0.433333,0.0020026718848893707,1.1619276143260895,-0.2440825253725052,0.4896465837955475,0.12980081140995026,-0.5490722060203552,0.3322264552116394,-0.21493689715862274,0.7361708283424377
train,Isa,Isa_10_20260730_182750,accepted,True,,0,left,1977469609000,1984669609000,7.2,1984169609000,1984669609000,0.0,16,13,0.8125,0.4,0.004427339064539567,0.7485952015219988,0.22999078035354614,0.31215354800224304,0.07493842393159866,-0.10471846908330917,0.5191522240638733,-0.7093420028686523,0.4651332497596741
train,Isa,Isa_11_20260730_182938,accepted,True,,0,left,2085936275000,2095736275000,9.8,2095236275000,2095736275000,0.0,16,14,0.875,0.433334,0.004994475430701614,1.1132451346530197,-0.1448955237865448,0.28269854187965393,0.04244449734687805,-0.3808622658252716,0.37834838032722473,-0.3468533754348755,0.7690833210945129
train,Isa,Isa_12_20260730_183049,accepted,True,,0,left,2154536275000,2161536275000,7.0,2161036275000,2161536275000,0.0,16,13,0.8125,0.4,0.0028863680005423876,0.8814434704453109,-0.1287357360124588,0.2864428162574768,0.04696866124868393,-0.3571593761444092,0.3636462092399597,-0.3374824821949005,0.7913938164710999
train,Isa,Isa_12_2_20260730_183154,accepted,True,,0,left,2220269609000,2236636275000,16.366666,2236136275000,2236636275000,0.0,16,14,0.875,0.433334,0.006128952879988263,1.0105707049359973,-0.16157332062721252,0.311450719833374,0.043120644986629486,-0.3478269875049591,0.3763805031776428,-0.3680941164493561,0.7757968902587891
train,Isa,Isa_13_20260730_183253,accepted,True,,0,left,2281169609000,2288236275000,7.066666,2287736275000,2288236275000,0.0,16,14,0.875,0.433334,0.0037109054330583457,1.1766629864531684,-0.14207328855991364,0.2921110987663269,0.05251539498567581,-0.34340572357177734,0.35520562529563904,-0.37610918283462524,0.7838643789291382
train,Isa,Isa_14_20260730_183443,accepted,True,,0,left,2390402942000,2396369609000,5.966667,2395869609000,2396369609000,0.0,16,13,0.8125,0.4,0.011507356243355962,1.9907936789213478,-0.15597592294216156,0.2653971016407013,0.059486642479896545,-0.32093411684036255,0.3366146981716156,-0.3403998613357544,0.8172023892402649
train,Isa,Isa_15_20260730_183544,accepted,True,,0,left,2448136275000,2456669609000,8.533334,2456169609000,2456669609000,0.0,16,14,0.875,0.433333,0.0047864046523597905,1.9459198644933398,-0.1508048176765442,0.29791098833084106,0.044289786368608475,-0.247591033577919,0.3111782371997833,-0.4156135320663452,0.8180050253868103
train,Isa,Isa_16_20260730_183636,accepted,True,,0,left,2502102943000,2509269609000,7.166666,2508769609000,2509269609000,0.0,16,14,0.875,0.433333,0.0023167837917312155,0.982203038767142,-0.14590439200401306,0.2731362283229828,0.041197486221790314,-0.31219083070755005,0.345169335603714,-0.3306354880332947,0.8210208415985107
train,Isa,Isa_17_20260730_183720,accepted,True,,0,left,2544736276000,2552936276000,8.2,2552436276000,2552936276000,0.0,16,15,0.9375,0.466666,0.00264424901125654,1.1065458857463732,-0.1443665325641632,0.2853601574897766,0.0531524159014225,-0.29886212944984436,0.3372606337070465,-0.326729953289032,0.8307732939720154
train,Isa,Isa_18_20260730_183810,accepted,True,,0,left,2592736276000,2600836276000,8.1,2600336276000,2600836276000,0.0,16,13,0.8125,0.4,0.0009591364964374635,0.68702072940842,-0.14451384544372559,0.2855866253376007,0.056366849690675735,-0.3432677090167999,0.32242897152900696,-0.3306022882461548,0.8178685307502747
train,Isa,Isa_19_20260730_183917,accepted,True,,1,right,2663169609000,2671702942000,8.533333,2671202942000,2671702942000,0.0,16,14,0.875,0.433334,0.0015557910288956404,0.7533267774541484,-0.2825741767883301,0.252199649810791,0.08385215699672699,-0.09086725115776062,-0.499580055475235,0.7281838059425354,0.4603382647037506
train,Isa,Isa_1_20260730_181722,accepted,True,,1,right,1352302942000,1359836276000,7.533334,1359336276000,1359836276000,0.0,16,14,0.875,0.433333,0.0035911186054298177,1.2263069582331212,0.1808309257030487,0.38191288709640503,0.09509021043777466,-0.5649685263633728,-0.34275341033935547,0.34110093116760254,0.6685662269592285
train,Isa,Isa_2_20260730_181847,accepted,True,,1,right,1432202942000,1442702942000,10.5,1442202942000,1442702942000,0.0,16,13,0.8125,0.4,0.003333856218769654,0.6985483092214814,0.1661553680896759,0.3617022931575775,0.046300437301397324,-0.5582911968231201,-0.35167405009269714,0.3534604012966156,0.6631003022193909
train,Isa,Isa_3_20260730_182001,accepted,True,,0,left,1507402942000,1515302942000,7.9,1514802942000,1515302942000,0.0,16,14,0.875,0.433333,0.007124200623516037,1.427465114192657,0.2737225890159607,0.33103251457214355,0.05815989151597023,-0.0655176192522049,0.45864373445510864,-0.7605629563331604,0.4548596739768982
train,Isa,Isa_4_20260730_182053,accepted,True,,0,left,1559869609000,1565736276000,5.866667,1565236276000,1565736276000,0.0,16,13,0.8125,0.4,0.003587364686071972,0.6653626248966463,0.2857493758201599,0.33574730157852173,0.058985136449337006,-0.16640600562095642,0.5386862754821777,-0.7161014080047607,0.4114910066127777
train,Isa,Isa_6_20260730_182331,accepted,True,,0,left,1717102942000,1724402942000,7.3,1723902942000,1724402942000,0.0,16,14,0.875,0.433333,0.005966094833598893,1.3579677629700895,0.27179139852523804,0.3456786274909973,0.09351202845573425,-0.12260822206735611,0.4915439188480377,-0.7269721627235413,0.4635334312915802
train,Isa,Isa_7_20260730_182452,accepted,True,,0,left,1797369609000,1803002942000,5.633333,1802502942000,1803002942000,0.0,16,14,0.875,0.433333,0.004541885393829749,1.1684284201837312,0.26646697521209717,0.3034295439720154,0.09959691762924194,-0.12600141763687134,0.48790058493614197,-0.7140095829963684,0.48607298731803894
train,Isa,Isa_8_20260730_182551,accepted,True,,0,left,1857936276000,1864936276000,7.0,1864436276000,1864936276000,0.0,16,14,0.875,0.433333,0.007346075273956948,1.0528958461550224,0.2866903245449066,0.31376975774765015,0.0930083766579628,-0.12080755084753036,0.4902727007865906,-0.747629702091217,0.43137916922569275
train,Isa,Isa_9_20260730_182655,accepted,True,,0,left,1921069609000,1930069609000,9.0,1929569609000,1930069609000,0.0,16,13,0.8125,0.4,0.003308042180373228,1.1513898126940487,0.24253343045711517,0.33122268319129944,0.09985725581645966,-0.13494746387004852,0.5289929509162903,-0.697370171546936,0.4643603563308716
train,Jan,Jan_1_20260604_161550,accepted,True,,1,right,4638078916000,4644045582000,5.966666,4643545582000,4644045582000,0.0,16,14,0.875,0.433334,0.009037281250576762,0.9667801438394144,0.4273299276828766,0.5254253149032593,0.013515215367078781,0.01825488731265068,0.29176974296569824,0.8025122880935669,0.5201069116592407
train,Jan,Jan_2_20260604_161704,accepted,True,,1,right,4713612249000,4718278915000,4.666666,4717778915000,4718278915000,0.0,16,13,0.8125,0.4,0.0022002319943604798,2.027249633834576,0.32007530331611633,0.5769001841545105,-0.0034335171803832054,0.2529694437980652,0.5344528555870056,0.5724605917930603,0.5680277347564697
train,Jan,Jan_3_20260604_161835,accepted,True,,1,right,4805578914000,4809078914000,3.5,4807612248000,4808112248000,0.966666,16,16,1.0,0.5,0.040349675908305946,17.127120086735033,0.18822923302650452,0.4586813449859619,0.11395741999149323,-0.34739333391189575,-0.1936432421207428,0.3860921263694763,0.8323178887367249
train,Jan,Jan_4_20260604_162000,accepted,True,,1,right,4887778914000,4893612247000,5.833333,4893112247000,4893612247000,0.0,16,15,0.9375,0.466666,0.004126943723820835,3.1022957024918254,0.3978852331638336,0.5193672776222229,0.003780613886192441,0.20485259592533112,0.516434371471405,0.6160871386528015,0.5583615303039551
train,Jan,Jan_5_20260604_162111,accepted,True,,1,right,4964478913000,4968445579000,3.966666,4967945579000,4968445579000,0.0,16,14,0.875,0.433333,0.00470969550913453,5.703343193229469,0.37857189774513245,0.5410415530204773,-0.00114472396671772,0.047210387885570526,0.38318488001823425,0.7424538135528564,0.5474512577056885
train,Jola,Jola_1_20260624_131133,accepted,True,,1,right,3412436276000,3416369609000,3.933333,3415436276000,3415936276000,0.433333,16,16,1.0,0.5,0.04759269294843729,14.165846849830121,0.15637749433517456,0.42980796098709106,0.14279505610466003,-0.5363717675209045,-0.40295201539993286,0.2716255187988281,0.6900395750999451
train,Jola,Jola_2_20260624_131246,accepted,True,,1,right,3488269609000,3492002943000,3.733334,3491202943000,3491702942000,0.300001,16,16,1.0,0.499999,0.04622420689147633,17.807059011958657,0.12729689478874207,0.47574910521507263,0.20105239748954773,-0.6231390833854675,-0.3368147313594818,0.24438579380512238,0.6622152924537659
train,Jola,Jola_3_20260624_131435,accepted,True,,1,right,3594636276000,3598036276000,3.4,3597002943000,3597502943000,0.533333,16,16,1.0,0.5,0.039423010301292624,8.559723013081044,0.1052442118525505,0.33490657806396484,0.159271240234375,-0.5207676887512207,-0.44370052218437195,0.23831553757190704,0.6893015503883362
train,Julienco,Julienco_1_20260624_125251,accepted,True,,1,right,2280869609000,2287969609000,7.1,2287469609000,2287969609000,0.0,16,14,0.875,0.433333,0.021309486843430966,13.145342469703442,0.31121423840522766,0.4738861918449402,-0.0021205840166658163,0.2166353464126587,0.3932514488697052,0.5257731676101685,0.7224853038787842
train,Julienco,Julienco_2_20260624_125435,accepted,True,,1,right,2379836275000,2382902942000,3.066667,2382402942000,2382902942000,0.0,16,14,0.875,0.433333,0.005353384140132498,1.1135822476517032,0.07759394496679306,0.3217766284942627,0.0634780079126358,-0.5323078036308289,-0.3143111765384674,0.22973230481147766,0.7517180442810059
train,Julienco,Julienco_3_20260624_125549,accepted,True,,1,right,2464402943000,2468602942000,4.199999,2467969609000,2468469609000,0.133333,16,16,1.0,0.5,0.0356665252992084,16.17423166378852,0.09486732631921768,0.3395061492919922,0.06343076378107071,-0.5454787015914917,-0.3139899969100952,0.2964576780796051,0.7183147668838501
train,Julienco,Julienco_4_20260624_125717,accepted,True,,1,right,2548869609000,2552969609000,4.1,2552469609000,2552969609000,0.0,16,13,0.8125,0.4,0.00365926721015206,0.9586451766886368,0.1359105110168457,0.32176581025123596,0.058813922107219696,-0.4594467878341675,-0.3722255229949951,0.3344481289386749,0.7338264584541321
train,Julienco,Julienco_5_20260624_125942,accepted,True,,1,right,2693902942000,2698436276000,4.533334,2697936276000,2698436276000,0.0,16,14,0.875,0.433333,0.006599111790572193,4.2271925838568105,0.17356616258621216,0.3996276259422302,0.01298176497220993,0.161128431558609,0.29484206438064575,0.5639451146125793,0.7543684244155884
train,Julienco,Julienco_7_20260624_130215,accepted,True,,1,right,2840569609000,2845169609000,4.6,2844669609000,2845169609000,0.0,16,13,0.8125,0.4,0.018441326193717574,10.956331943105695,0.06960337609052658,0.3404248356819153,0.053926981985569,-0.5169339776039124,-0.27728837728500366,0.2811538577079773,0.7595017552375793
train,Julienco,Julienco_8_20260624_130311,accepted,True,,1,right,2898202943000,2901369609000,3.166666,2900869609000,2901369609000,0.0,16,14,0.875,0.433334,0.0017478124321058813,0.6580235101848001,0.07538556307554245,0.3316468298435211,0.030957162380218506,-0.5529776811599731,-0.3267867863178253,0.29204848408699036,0.708613932132721
train,Leys,Leys_1_20260604_163147,accepted,True,,1,right,5590012247000,5594278913000,4.266666,5593778913000,5594278913000,0.0,16,14,0.875,0.433333,0.003630190747281778,0.6336881182217757,0.1440340280532837,0.4607592523097992,0.10102373361587524,-0.35732537508010864,-0.3728195130825043,0.46332505345344543,0.7201764583587646
train,Leys,Leys_2_20260604_163417,accepted,True,,1,right,5737945578000,5742578911000,4.633333,5741578911000,5742078911000,0.5,16,16,1.0,0.5,0.034532664809324036,6.303179223561239,0.1436697244644165,0.44614654779434204,0.0994606465101242,-0.3617956042289734,-0.34690773487091064,0.4694075286388397,0.7269219756126404
train,Leys,Leys_3_20260604_163535,accepted,True,,1,right,5821512244000,5829178910000,7.666666,5828678910000,5829178910000,0.0,16,13,0.8125,0.4,0.0032280046352915963,1.1615838440587882,0.2980410158634186,0.6877232193946838,0.015328357927501202,-0.0871630385518074,0.1438300460577011,0.6722208857536316,0.7209956049919128
train,Leys,Leys_4_20260604_163704,accepted,True,,1,right,5911445576000,5918778909000,7.333333,5917412242000,5917912242000,0.866667,16,16,1.0,0.5,0.046721690073707356,22.71927254550502,0.334203839302063,0.6907442808151245,0.005775962490588427,-0.060947198420763016,0.1969325691461563,0.6988409161567688,0.6849265694618225
train,Leys,Leys_5_20260604_163854,accepted,True,,1,right,6020145575000,6023978908000,3.833333,6023045575000,6023545575000,0.433333,16,16,1.0,0.5,0.04148305618683437,9.175343671795993,0.12129174917936325,0.48798611760139465,0.06363880634307861,-0.34612125158309937,-0.3390462100505829,0.45365574955940247,0.7479600310325623
train,Maria,Maria_1_20260624_133852,accepted,True,,1,right,5047169609000,5051036276000,3.866667,5050536276000,5051036276000,0.0,16,13,0.8125,0.4,0.049773741114169955,18.356959491977626,0.11829598993062973,0.31966349482536316,0.1571328490972519,-0.5227557420730591,-0.4416552782058716,0.23314626514911652,0.6908761858940125
train,Maria,Maria_2_20260624_134005,accepted,True,,1,right,5112636275000,5115702942000,3.066667,5114669609000,5115169609000,0.533333,16,16,1.0,0.5,0.047811780060430006,11.467230618609365,0.09677214920520782,0.311074435710907,0.11454013735055923,-0.34473225474357605,-0.4085841774940491,0.3138813078403473,0.784663736820221
train,Maria,Maria_4_20260624_134233,accepted,True,,1,right,5259102942000,5262402942000,3.3,5261902942000,5262402942000,0.0,16,13,0.8125,0.4,0.005521890168671836,1.200529063023936,0.09532657265663147,0.3244803249835968,0.11515408754348755,-0.27854999899864197,-0.4199706017971039,0.276172012090683,0.8183908462524414
train,Melih,Melih_10_20260616_180515,accepted,True,,1,right,1266712242000,1269978908000,3.266666,1269478908000,1269978908000,0.0,16,14,0.875,0.433334,0.010803714736553914,1.4337787487212625,0.15433499217033386,0.40309685468673706,0.05926663428544998,-0.36953574419021606,-0.3553539514541626,0.39133039116859436,0.7642168402671814
train,Melih,Melih_1_20260616_175140,accepted,True,,1,right,437173363000,441173362000,3.999999,440673362000,441173362000,0.0,16,13,0.8125,0.4,0.011952905684368425,1.849389043375785,0.1576003134250641,0.35786178708076477,0.07367110997438431,-0.3844590187072754,-0.3444000780582428,0.3798335790634155,0.7676628828048706
train,Melih,Melih_2_20260616_175310,accepted,True,,1,right,530012250000,537812249000,7.799999,536745583000,537245583000,0.566666,16,16,1.0,0.5,0.03532215352811564,24.688098862362164,0.1548161804676056,0.36334723234176636,0.057192884385585785,-0.21428115665912628,-0.2477099746465683,0.35750633478164673,0.8745927810668945
train,Melih,Melih_3_20260616_175418,accepted,True,,1,right,597912250000,605745582000,7.833332,604345582000,604845582000,0.9,16,16,1.0,0.5,0.044484678631785915,15.149467887429083,0.1576637476682663,0.41626930236816406,0.07590377330780029,-0.4122161567211151,-0.26108628511428833,0.4895118474960327,0.7226963043212891
train,Melih,Melih_4_20260616_175523,rejected,False,unstable_position;unstable_orientation,1,right,661706693000,670773359000,9.066666,670273359000,670773359000,0.0,16,15,0.9375,0.466666,0.13186470754677385,30.711526452031695,0.27323439717292786,0.18875323235988617,0.11922497302293777,0.10694918781518936,0.35166501998901367,0.6175041794776917,0.6954007148742676
train,Melih,Melih_5_20260616_175612,accepted,True,,1,right,713812248000,719845581000,6.033333,719345581000,719845581000,0.0,16,15,0.9375,0.466667,0.0049751180228925305,1.4784298701240812,0.14694257080554962,0.3841424584388733,0.07037469744682312,-0.3713809847831726,-0.371119886636734,0.4028978943824768,0.7496795654296875
train,Melih,Melih_6_20260616_180104,accepted,True,,1,right,1005945579000,1011778911000,5.833332,1011278911000,1011778911000,0.0,16,13,0.8125,0.4,0.005814817950821777,1.7898731412182896,0.15582551062107086,0.38516056537628174,0.050823796540498734,-0.41585269570350647,-0.3859263062477112,0.3763050436973572,0.7324765920639038
train,Melih,Melih_7_20260616_180202,accepted,True,,1,right,1066678911000,1071878911000,5.2,1071378911000,1071878911000,0.0,16,13,0.8125,0.4,0.008393179107466833,1.2330414134943135,0.14445996284484863,0.37157803773880005,0.07503034919500351,-0.39460980892181396,-0.36458155512809753,0.375027060508728,0.7554588317871094
train,Melih,Melih_8_20260616_180307,accepted,True,,1,right,1128812244000,1134778910000,5.966666,1134278910000,1134778910000,0.0,16,13,0.8125,0.4,0.004627247559437832,1.2334130615721286,0.15068474411964417,0.36316215991973877,0.06240369752049446,-0.3717341125011444,-0.3693709969520569,0.3852958083152771,0.7595564126968384
train,Melih,Melih_9_20260616_180402,accepted,True,,1,right,1186578910000,1190212243000,3.633333,1189712243000,1190212243000,0.0,16,13,0.8125,0.4,0.007677529931794804,1.4568629326744342,0.13911640644073486,0.37430697679519653,0.06654582917690277,-0.35386162996292114,-0.3644803464412689,0.39259225130081177,0.766685962677002
train,Miro,Miro_2_20260604_153451,rejected,False,insufficient_valid_samples;low_valid_ratio;insufficient_valid_span,1,right,2172445636000,2177245636000,4.8,2176745636000,2177245636000,0.0,16,3,0.1875,0.066666,,,,,,,,,
train,Miro,Miro_3_20260604_153609,accepted,True,,1,right,2248845635000,2253178968000,4.333333,2252112302000,2252612302000,0.566666,16,16,1.0,0.5,0.03991980072007704,13.496042642907547,0.203199565410614,0.46655067801475525,0.0763593465089798,-0.3832758665084839,-0.35787713527679443,0.4127996861934662,0.7447280883789062
train,Paul,Paul_10_20260730_200732,accepted,True,,0,left,663936275000,677069609000,13.133334,676569609000,677069609000,0.0,16,14,0.875,0.433333,0.0015471887156571751,0.8262793657288762,-0.18694640696048737,0.3111344873905182,0.01334855891764164,-0.14925523102283478,0.1249426007270813,-0.5942762494087219,0.7803511619567871
train,Paul,Paul_11_20260730_200816,accepted,True,,0,left,710102943000,719636276000,9.533333,719136276000,719636276000,0.0,16,13,0.8125,0.4,0.02854187935546124,4.4316748803778125,-0.14816272258758545,0.32323795557022095,0.022218365222215652,-0.3189355134963989,0.1763821542263031,-0.43111130595207214,0.8254165649414062
train,Paul,Paul_12_20260730_200900,accepted,True,,0,left,753402942000,765869609000,12.466667,765369609000,765869609000,0.0,16,12,0.75,0.366667,0.029855129907326326,8.950266023289778,-0.20945662260055542,0.3268311619758606,0.002261808142066002,-0.03334726393222809,-0.23308798670768738,-0.4493013322353363,0.8617924451828003
train,Paul,Paul_13_20260730_201414,accepted,True,,0,left,1065169609000,1076769609000,11.6,1076236275000,1076736275000,0.033334,16,12,0.75,0.366667,0.0023569179544194736,1.484481947720984,-0.1644444465637207,0.307645320892334,-0.003256495576351881,-0.13989365100860596,0.0157551858574152,-0.48683926463127136,0.8620725274085999
train,Paul,Paul_14_20260730_201501,accepted,True,,0,left,1114102942000,1125569609000,11.466667,1125036275000,1125536275000,0.033334,16,12,0.75,0.366667,0.0035393099995846503,1.8430664168339008,-0.22981742024421692,0.32989615201950073,-0.0016712688375264406,0.05751221999526024,-0.31502723693847656,-0.4750514030456543,0.8196196556091309
train,Paul,Paul_15_20260730_201546,accepted,True,,0,left,1159636275000,1172969609000,13.333334,1171769609000,1172269609000,0.7,16,16,1.0,0.5,0.04803127225466808,12.944047431569954,-0.10910399258136749,0.30163586139678955,0.19822153449058533,-0.4449807405471802,0.18119919300079346,-0.3296308219432831,0.8127130270004272
train,Paul,Paul_16_20260730_201647,accepted,True,,0,left,1218602942000,1230169609000,11.566667,1229669609000,1230169609000,0.0,16,13,0.8125,0.4,0.0037684860183157514,5.070251752596917,-0.24254952371120453,0.3210437297821045,-0.0032324539497494698,-0.05089199170470238,-0.19268660247325897,-0.4617002308368683,0.8643580079078674
train,Paul,Paul_17_20260730_201734,accepted,True,,0,left,1264902942000,1274136276000,9.233334,1273636276000,1274136276000,0.0,16,12,0.75,0.366667,0.002350382203201108,2.222541392838964,-0.23155556619167328,0.30991271138191223,-0.0043408796191215515,0.1810600757598877,-0.28798264265060425,-0.5909302234649658,0.7314948439598083
train,Paul,Paul_18_20260730_201826,accepted,True,,0,left,1320369609000,1331736275000,11.366666,1330569609000,1331069609000,0.666666,16,16,1.0,0.5,0.045044778010178865,11.538676529440808,-0.13027995824813843,0.29079681634902954,0.1777975708246231,-0.34242260456085205,0.13331086933612823,-0.3975142538547516,0.8408075571060181
train,Paul,Paul_19_20260730_201912,accepted,True,,0,left,1369736276000,1379636276000,9.9,1378836276000,1379302943000,0.333333,15,15,1.0,0.466667,0.035936996349957694,4.29222686259758,-0.12782230973243713,0.31330251693725586,0.10443426668643951,-0.31419792771339417,0.17839300632476807,-0.409122109413147,0.8378989696502686
train,Paul,Paul_1_20260730_195810,accepted,True,,0,left,103869609000,111002942000,7.133333,110502942000,111002942000,0.0,16,13,0.8125,0.4,0.004765878865340789,1.8803077874053034,-0.2339903861284256,0.42068836092948914,0.009943297132849693,0.19152146577835083,-0.28391900658607483,-0.6488617658615112,0.6794762015342712
train,Paul,Paul_20_20260730_202000,accepted,True,,1,right,1412002942000,1422869609000,10.866667,1422369609000,1422869609000,0.0,16,12,0.75,0.366666,0.01027646154379677,11.4890908758695,-0.8928482532501221,0.4766434133052826,-0.012971917167305946,0.1989058256149292,0.4308568239212036,0.36677008867263794,0.8001741170883179
train,Paul,Paul_21_20260730_202043,accepted,True,,1,right,1457769609000,1470336276000,12.566667,1469836276000,1470336276000,0.0,16,12,0.75,0.366667,0.015183313220452908,3.4708974262894485,-0.9153622984886169,0.4997217059135437,-0.023895032703876495,0.22562862932682037,0.4467737674713135,0.3599204123020172,0.78736412525177
train,Paul,Paul_22_20260730_202129,accepted,True,,1,right,1502269609000,1514636276000,12.366667,1514136276000,1514636276000,0.0,16,12,0.75,0.366666,0.005626365726189496,5.496881551587769,-0.8761537671089172,0.4602189064025879,-0.004722509533166885,0.25079384446144104,0.4752974808216095,0.41293656826019287,0.7353082299232483
train,Paul,Paul_23_20260730_202216,accepted,True,,1,right,1546936276000,1556969609000,10.033333,1556469609000,1556969609000,0.0,16,12,0.75,0.366667,0.003662801673283147,4.640300587820425,-0.9121720194816589,0.45629048347473145,-0.009462366811931133,0.24918095767498016,0.4473317861557007,0.42005014419555664,0.7492402791976929
train,Paul,Paul_24_20260730_202257,accepted,True,,1,right,1594669609000,1603236275000,8.566666,1602736276000,1603236275000,0.0,16,13,0.8125,0.399999,0.01809042486529307,5.812631662451771,-0.9211838245391846,0.47975704073905945,-0.011364872567355633,0.217030867934227,0.4416351616382599,0.4084606170654297,0.7687755823135376
train,Paul,Paul_25_20260730_202344,accepted,True,,0,left,1633802942000,1642936275000,9.133333,1642436275000,1642936275000,0.0,16,12,0.75,0.366667,0.0022882898270978587,3.0252267185443302,-0.2662045657634735,0.32639193534851074,-0.0017065597930923104,0.07504627853631973,-0.3075297474861145,-0.6247827410697937,0.7137506604194641
train,Paul,Paul_2_20260730_195858,accepted,True,,0,left,150669609000,161169609000,10.5,160669609000,161169609000,0.0,16,12,0.75,0.366667,0.02303288261454949,23.79432449546806,-0.27472376823425293,0.4320610761642456,0.002091046655550599,0.23668015003204346,-0.4099416732788086,-0.6618832945823669,0.5812407732009888
train,Paul,Paul_3_20260730_195956,accepted,True,,0,left,207102943000,217169609000,10.066666,216669609000,217169609000,0.0,16,13,0.8125,0.4,0.0030608577333673154,4.771168891712255,-0.16642671823501587,0.37043654918670654,-0.0008199784206226468,0.3378945589065552,-0.4245416820049286,-0.49622663855552673,0.6777542233467102
train,Paul,Paul_4_20260730_200057,accepted,True,,0,left,271369609000,280202943000,8.833334,279736276000,280202943000,0.0,15,12,0.8,0.366667,0.004282676907272779,1.586804589984701,-0.25407224893569946,0.414894700050354,0.023346396163105965,0.39355137944221497,-0.3826127350330353,-0.556089460849762,0.6240907907485962
train,Paul,Paul_5_20260730_200140,accepted,True,,0,left,312936275000,321736275000,8.8,321236275000,321736275000,0.0,16,13,0.8125,0.4,0.0026103475851501886,1.1569546602488683,-0.22810040414333344,0.4263867735862732,0.011569890193641186,0.27904409170150757,-0.31274834275245667,-0.5787907838821411,0.6995170712471008
train,Paul,Paul_6_20260730_200221,accepted,True,,0,left,353302943000,367136276000,13.833333,366636276000,367136276000,0.0,16,12,0.75,0.366667,0.0018693716202352142,1.6070136167220135,-0.22015628218650818,0.41322892904281616,0.015452321618795395,0.3689597249031067,-0.4228646159172058,-0.5212395191192627,0.6429336071014404
train,Paul,Paul_7_20260730_200314,accepted,True,,0,left,406002942000,415869609000,9.866667,415369609000,415869609000,0.0,16,13,0.8125,0.4,0.0018080720439103157,1.15128083724274,-0.3011254668235779,0.4723544418811798,-0.0020419100765138865,0.3340093791484833,-0.4770192503929138,-0.47758737206459045,0.6578758955001831
train,Paul,Paul_8_20260730_200353,accepted,True,,0,left,450902942000,462202943000,11.300001,461736276000,462202943000,0.0,15,12,0.8,0.366667,0.0038534107408539466,2.5558426122299136,-0.12781336903572083,0.3465384840965271,-0.009496000595390797,0.08572565019130707,-0.2881474792957306,-0.5352638959884644,0.7893761396408081
train,Paul,Paul_9_20260730_200546,accepted,True,,0,left,559269609000,569602942000,10.333333,569069609000,569569609000,0.033333,16,12,0.75,0.366666,0.005138373936995926,1.4794207890231867,-0.15097573399543762,0.303408145904541,0.03183251619338989,-0.4557003080844879,0.32578611373901367,-0.3446984887123108,0.7532486915588379
train,Suthan,Suthan_1_20260604_164834,rejected,False,insufficient_valid_samples;low_valid_ratio;insufficient_valid_span,1,right,6609845583000,6614845582000,4.999999,6614345582000,6614845582000,0.0,16,0,0.0,0.0,,,,,,,,,
train,Suthan,Suthan_2_20260604_165031,accepted,True,,1,right,6722012249000,6725245582000,3.233333,6724745582000,6725245582000,0.0,16,13,0.8125,0.4,0.002904607741075398,1.7343453823038963,0.09818438440561295,0.4876653552055359,0.13836488127708435,-0.3279646337032318,-0.23516911268234253,0.4040384888648987,0.8209065794944763
train,Suthan,Suthan_3_20260604_165324,accepted,True,,1,right,6895306691000,6899073358000,3.766667,6898573358000,6899073358000,0.0,16,14,0.875,0.433333,0.008877240380187664,1.6291050027919336,0.09007120132446289,0.4541257321834564,0.11523871123790741,-0.38031959533691406,-0.20936685800552368,0.4181801378726959,0.7979021668434143
train,Suthan,Suthan_4_20260604_165434,accepted,True,,1,right,6963178913000,6968145579000,4.966666,6967145579000,6967645579000,0.5,16,16,1.0,0.5,0.04683544163274772,13.669407017288062,0.09272417426109314,0.4646662771701813,0.11538711935281754,-0.38400644063949585,-0.21085041761398315,0.4301206171512604,0.789352536201477
train,Tarik,Tarik_10_20260704_142949,accepted,True,,0,left,7627069609000,7634069609000,7.0,7633569609000,7634069609000,0.0,16,12,0.75,0.366667,0.007329757773005516,3.0216796689538263,1.0794179439544678,0.5317738056182861,0.011897316202521324,0.49171558022499084,-0.3986225426197052,-0.21089906990528107,0.744874119758606
train,Tarik,Tarik_11_20260704_143216,accepted,True,,1,right,7773236276000,7783302942000,10.066666,7782769609000,7783269609000,0.033333,16,12,0.75,0.366667,0.0017819453546770738,0.8027584331264666,0.4546143114566803,0.4434630870819092,0.0012050359509885311,0.12245842814445496,0.30926385521888733,0.6642231345176697,0.6694530844688416
train,Tarik,Tarik_12_20260704_143334,accepted,True,,0,left,7844169609000,7851302942000,7.133333,7850802942000,7851302942000,0.0,16,14,0.875,0.433334,0.004050769444067071,3.2886866575418647,1.1193199157714844,0.5315462350845337,0.00484661478549242,0.5052699446678162,-0.4000056982040405,-0.2626296281814575,0.7181388139724731
train,Tarik,Tarik_13_20260704_143446,accepted,True,,0,left,7918269609000,7928002943000,9.733334,7927469609000,7927969609000,0.033334,16,12,0.75,0.366667,0.0050445711710069095,3.5576123674188,1.1026204824447632,0.5385311841964722,0.004953565075993538,0.5029430389404297,-0.3924679458141327,-0.2347487211227417,0.73342365026474
train,Tarik,Tarik_14_20260704_143554,accepted,True,,0,left,7989102942000,7998436275000,9.333333,7997936275000,7998436275000,0.0,16,14,0.875,0.433334,0.00383030139949609,2.1876350185543214,1.0978964567184448,0.5375346541404724,-0.01168747991323471,0.48351138830184937,-0.36937928199768066,-0.21685723960399628,0.7633797526359558
train,Tarik,Tarik_15_20260704_143803,accepted,True,,0,left,8129302942000,8137436276000,8.133334,8136869609000,8137369609000,0.066667,16,12,0.75,0.366667,0.006580216333448259,1.9510518222223114,1.0984115600585938,0.5324105024337769,0.0027969256043434143,0.5008883476257324,-0.3678303062915802,-0.2371673882007599,0.7467016577720642
train,Tarik,Tarik_16_20260704_143930,accepted,True,,0,left,8199936276000,8208502942000,8.566666,8208002943000,8208502942000,0.0,16,12,0.75,0.366666,0.003815255820849157,1.6520218426466688,1.078197717666626,0.5311551094055176,-0.0024796011857688427,0.47123342752456665,-0.4109906256198883,-0.21909236907958984,0.7490155100822449
train,Tarik,Tarik_17_20260704_144050,accepted,True,,0,left,8284402942000,8292802942000,8.4,8292302942000,8292802942000,0.0,16,14,0.875,0.433333,0.003907138537226876,1.3304338524113126,1.1223716735839844,0.5270105600357056,-0.01648811250925064,0.4003646671772003,-0.39435476064682007,-0.2874418795108795,0.7756091952323914
train,Tarik,Tarik_18_20260704_144512,accepted,True,,0,left,8551736276000,8559536276000,7.8,8559036276000,8559536276000,0.0,16,12,0.75,0.366666,0.0034625124562956537,2.6732088863303844,1.1109504699707031,0.5330191850662231,-0.010231591761112213,0.45222964882850647,-0.3545301556587219,-0.27944523096084595,0.769225001335144
train,Tarik,Tarik_1_20260704_141845,accepted,True,,1,right,6967136275000,6975769609000,8.633334,6975269609000,6975769609000,0.0,16,14,0.875,0.433333,0.008368850444477416,4.908475313859076,0.490483820438385,0.5257630944252014,0.09314806759357452,-0.19324339926242828,-0.08035703748464584,0.8891528248786926,0.40694835782051086
train,Tarik,Tarik_20_20260704_145000,accepted,True,,1,right,8836269609000,8843336276000,7.066667,8842836276000,8843336276000,0.0,16,12,0.75,0.366666,0.008076002537760914,1.6743053116560263,0.5003341436386108,0.49157261848449707,-0.02105873078107834,-0.029491020366549492,0.313959002494812,0.6778976917266846,0.6640894412994385
train,Tarik,Tarik_21_20260704_145054,accepted,True,,1,right,8891502942000,8898169609000,6.666667,8897669609000,8898169609000,0.0,16,13,0.8125,0.4,0.0032880786752598904,1.9415130889953918,0.49669986963272095,0.5339730978012085,-0.07889387011528015,0.2943325936794281,0.24460114538669586,0.8041413426399231,0.45485740900039673
train,Tarik,Tarik_23_20260704_145434,accepted,True,,0,left,9112602942000,9119969609000,7.366667,9119469609000,9119969609000,0.0,16,12,0.75,0.366667,0.007909236582390821,2.1280720341772055,1.028594970703125,0.24850308895111084,0.045056089758872986,0.3310260474681854,-0.21629467606544495,-0.536281406879425,0.7456812858581543
train,Tarik,Tarik_24_20260704_145314,accepted,True,,1,right,9024269609000,9031869609000,7.6,9031369609000,9031869609000,0.0,16,13,0.8125,0.4,0.014324905525128714,3.2735858578746746,0.46960458159446716,0.5479137897491455,-0.05984681844711304,0.023394854739308357,0.41434305906295776,0.6742545366287231,0.6108627319335938
train,Tarik,Tarik_2_20260704_142022,accepted,True,,1,right,7069136275000,7076969609000,7.833334,7076402942000,7076902942000,0.066667,16,12,0.75,0.366667,0.028879458260186352,7.253916112230812,0.6194044351577759,0.5004713535308838,0.1160467118024826,-0.1295948624610901,-0.17630091309547424,0.833739697933197,0.5069529414176941
train,Tarik,Tarik_3_20260704_142144,accepted,True,,1,right,7130936275000,7140336275000,9.4,7139836275000,7140336275000,0.0,16,13,0.8125,0.4,0.0016373837772305857,1.2919477197064293,0.6124141812324524,0.4521549344062805,0.008706019259989262,-0.11339221894741058,-0.12449362874031067,0.8532534241676331,0.4935607314109802
train,Tarik,Tarik_4_20260704_142308,accepted,True,,1,right,7220669609000,7226736276000,6.066667,7226236276000,7226736276000,0.0,16,12,0.75,0.366666,0.0008357320299981867,0.9524279755961211,0.5634877681732178,0.451221764087677,0.005989309400320053,0.02073846198618412,0.4471762180328369,0.6936907768249512,0.5642662644386292
train,Tarik,Tarik_5_20260704_142458,accepted,True,,1,right,7331302942000,7337969609000,6.666667,7337469609000,7337969609000,0.0,16,12,0.75,0.366667,0.0012477206369446653,1.5301226655228033,0.5117102861404419,0.4521785080432892,-0.007877938449382782,-0.0027339595835655928,0.4432526230812073,0.6675958633422852,0.5981934070587158
train,Tarik,Tarik_6_20260704_142555,accepted,True,,1,right,7388202942000,7394302942000,6.1,7393802942000,7394302942000,0.0,16,12,0.75,0.366667,0.0012322542716489534,0.9376345302420309,0.4769453704357147,0.435008704662323,-0.003025762503966689,0.0783178061246872,0.28223419189453125,0.6596106886863708,0.6921877861022949
train,Tarik,Tarik_7_20260704_142646,accepted,True,,1,right,7441336275000,7447036275000,5.7,7446536275000,7447036275000,0.0,16,12,0.75,0.366667,0.0026517245314610217,1.448724155048574,0.5018422603607178,0.4344691038131714,0.004776844289153814,0.13493067026138306,0.3987163007259369,0.6781746745109558,0.6024102568626404
train,Tarik,Tarik_8_20260704_142759,accepted,True,,1,right,7518169609000,7524902942000,6.733333,7524402942000,7524902942000,0.0,16,12,0.75,0.366667,0.0013132661912650518,0.8388516307756527,0.4433545470237732,0.4118889570236206,0.024127138778567314,0.3041059076786041,0.44104355573654175,0.5186353325843811,0.6663464307785034
train,Tarik,Tarik_9_20260704_142856,accepted,True,,1,right,7575136275000,7580602942000,5.466667,7580102942000,7580602942000,0.0,16,12,0.75,0.366667,0.00915039601017246,2.263254292104171,0.4902132749557495,0.48425641655921936,0.01553860493004322,-0.12319554388523102,0.5164661407470703,0.5415650606155396,0.6517613530158997
train,Test,Test_2_20260624_122206,rejected,False,insufficient_valid_samples;low_valid_ratio;insufficient_valid_span,1,right,429002942000,433902942000,4.9,433402942000,433902942000,0.0,16,2,0.125,0.033333,,,,,,,,,
train,Test,Test_3_20260624_122314,accepted,True,,1,right,498136275000,500869609000,2.733334,500369609000,500869609000,0.0,16,13,0.8125,0.4,0.014903204817188683,2.634616668452599,0.2785671055316925,0.7807185649871826,0.0577835813164711,-0.3909147381782532,0.2500231862068176,0.665414571762085,0.5847200751304626
train,Test,Test_4_20260624_122416,accepted,True,,1,right,563902942000,566036276000,2.133334,564736276000,565236276000,0.8,16,12,0.75,0.366667,0.01893093353398102,8.916387413723898,0.2898881137371063,0.7263525724411011,-0.12215881049633026,0.42054614424705505,0.34093981981277466,0.7035588026046753,0.4603324830532074
train,Test,Test_5_20260624_122509,accepted,True,,1,right,613202943000,615069609000,1.866666,614102943000,614602942000,0.466667,16,16,1.0,0.499999,0.027651565868641398,21.754314489503287,0.3169862627983093,0.7591928243637085,-0.0020909500308334827,-0.2334342747926712,0.4460337162017822,0.6322334408760071,0.5889340043067932
train,Test,Test_6_20260624_122607,rejected,False,insufficient_valid_samples;low_valid_ratio;insufficient_valid_span,1,right,672869609000,675536276000,2.666667,675036276000,675536276000,0.0,16,0,0.0,0.0,,,,,,,,,
train,Test,Test_7_20260624_122709,accepted,True,,1,right,730336276000,735136276000,4.8,734636276000,735136276000,0.0,16,13,0.8125,0.4,0.04219991672170327,12.847246205419369,0.34770679473876953,0.7052534818649292,0.038440875709056854,-0.17772634327411652,0.5634328126907349,0.5167188048362732,0.6196438074111938
train,Urim,Urim_10_20260616_145015,accepted,True,,1,right,2302578894000,2306678893000,4.099999,2306178893000,2306678893000,0.0,16,13,0.8125,0.4,0.0019502692953423746,1.0272047884917626,0.18064840137958527,0.21090412139892578,0.028729621320962906,-0.4931454658508301,-0.3738483190536499,0.32392218708992004,0.7156251668930054
train,Urim,Urim_1_20260604_160102,accepted,True,,1,right,3756878950000,3762345616000,5.466666,3761845616000,3762345616000,0.0,16,13,0.8125,0.4,0.0022632549604461377,1.3530024977924668,0.2618710696697235,0.4201568365097046,0.11212877929210663,-0.3831124007701874,-0.43680569529533386,0.3468596935272217,0.7362839579582214
train,Urim,Urim_2_20260604_160234,accepted,True,,1,right,3833612283000,3838845616000,5.233333,3838345616000,3838845616000,0.0,16,14,0.875,0.433333,0.0018647358886802116,1.12712709127932,0.17616823315620422,0.44985294342041016,0.10398426651954651,-0.2720741033554077,-0.32365942001342773,0.3892372250556946,0.8183609247207642
train,Urim,Urim_3_20260604_160345,accepted,True,,1,right,3913612282000,3919178948000,5.566666,3918678948000,3919178948000,0.0,16,14,0.875,0.433333,0.008235581464822056,1.5939189943290981,0.15910950303077698,0.44844508171081543,0.09825262427330017,-0.2962861657142639,-0.37236955761909485,0.3510468900203705,0.806425154209137
train,Urim,Urim_4_20260604_160502,accepted,True,,1,right,3992945614000,3997045614000,4.1,3996545614000,3997045614000,0.0,16,14,0.875,0.433333,0.0017192245444067986,1.0329707307764173,0.17255955934524536,0.4399537444114685,0.09300915896892548,-0.25364771485328674,-0.30051636695861816,0.3735007047653198,0.8401488065719604
train,Urim,Urim_5_20260604_160634,accepted,True,,1,right,4086878946000,4091578946000,4.7,4091078946000,4091578946000,0.0,16,12,0.75,0.366666,0.001903157573116278,1.3079894949421673,0.1622283011674881,0.4338241517543793,0.11377304047346115,-0.3032463788986206,-0.36290884017944336,0.3460555672645569,0.8102989196777344
train,Urim,Urim_6_20260616_144055,accepted,True,,1,right,1736678900000,1741145566000,4.466666,1740645566000,1741145566000,0.0,16,13,0.8125,0.4,0.00347387640622758,0.8029541046797972,0.20379570126533508,0.22003328800201416,0.03406286612153053,-0.4067959785461426,-0.39037996530532837,0.36444196105003357,0.7411494851112366
train,Urim,Urim_7_20260616_144229,accepted,True,,1,right,1830945566000,1835712232000,4.766666,1835212232000,1835712232000,0.0,16,14,0.875,0.433333,0.004076576906925939,1.0140449006039693,0.17465023696422577,0.21463452279567719,0.01482062041759491,-0.42848584055900574,-0.3818248212337494,0.38229289650917053,0.7241973876953125
train,Urim,Urim_8_20260616_144352,accepted,True,,1,right,1915112231000,1919945564000,4.833333,1919445564000,1919945564000,0.0,16,13,0.8125,0.4,0.002128645057232344,1.216187830387667,0.19608141481876373,0.21035544574260712,0.017583390697836876,-0.46623945236206055,-0.3829255700111389,0.3716805875301361,0.705579400062561
train,Urim,Urim_9_20260616_144841,accepted,True,,1,right,2207645561000,2212512227000,4.866666,2212012227000,2212512227000,0.0,16,13,0.8125,0.4,0.00337527972467023,1.5112162476682454,0.17886756360530853,0.21314428746700287,0.02160581760108471,-0.44014012813568115,-0.39437785744667053,0.41361331939697266,0.6925798058509827
train,Yuzhi,Yuzhi_10_20260715_135531,accepted,True,,0,left,1019069609000,1022602942000,3.533333,1021736276000,1022236276000,0.366666,16,16,1.0,0.5,0.04610349621100258,8.939444738715952,-0.19266480207443237,0.3974001407623291,0.15925568342208862,-0.43249207735061646,0.13854515552520752,-0.41901126503944397,0.7862476706504822
train,Yuzhi,Yuzhi_1_20260715_134210,accepted,True,,1,right,223969609000,228369609000,4.4,227869609000,228369609000,0.0,16,14,0.875,0.433334,0.002674134184886091,0.8101924866115966,0.13512149453163147,0.39621150493621826,0.1358686089515686,-0.42448103427886963,-0.23427659273147583,0.4160059094429016,0.7693305015563965
train,Yuzhi,Yuzhi_2_20260715_134641,accepted,True,,1,right,490436275000,494069609000,3.633334,493036275000,493536275000,0.533334,16,16,1.0,0.5,0.0423706301448709,9.183860623685499,0.11698347330093384,0.37509027123451233,0.10965543985366821,-0.3640102744102478,-0.13691502809524536,0.4526216685771942,0.8024240732192993
train,Yuzhi,Yuzhi_3_20260715_134755,accepted,True,,1,right,564936276000,568002943000,3.066667,567536276000,568002943000,0.0,15,12,0.8,0.366666,0.002269088936314625,0.969514557754703,0.08995813131332397,0.4001275897026062,0.12908098101615906,-0.36718621850013733,-0.1584031879901886,0.4113386571407318,0.8190746307373047
train,Yuzhi,Yuzhi_4_20260715_134842,accepted,True,,1,right,611902942000,615702942000,3.8,615202943000,615702942000,0.0,16,14,0.875,0.433333,0.002732880751536476,1.198494048827197,0.09728287160396576,0.4541447162628174,0.13520380854606628,-0.35438966751098633,-0.18564331531524658,0.44664841890335083,0.8002810478210449
train,Yuzhi,Yuzhi_5_20260715_134954,accepted,True,,0,left,683869609000,688369609000,4.5,687736276000,688202943000,0.166666,15,15,1.0,0.466667,0.04014395922839214,10.056289637388868,-0.17723216116428375,0.34398287534713745,0.1517474204301834,-0.4165917634963989,0.14503559470176697,-0.38879185914993286,0.808861494064331
train,Yuzhi,Yuzhi_6_20260715_135122,accepted,True,,0,left,773036275000,818269609000,45.233334,817769609000,818269609000,0.0,16,14,0.875,0.433333,0.011663096995711709,0.770043164298822,-0.4264677166938782,0.5815867185592651,-0.02756589837372303,0.2912153899669647,-0.4630960524082184,-0.7923247814178467,0.2701057493686676
train,Yuzhi,Yuzhi_7_20260715_135245,accepted,True,,0,left,854436275000,858969609000,4.533334,857836275000,858336275000,0.633334,16,16,1.0,0.5,0.04324478805858904,7.05111145802706,-0.1908911168575287,0.38106000423431396,0.08871938288211823,-0.46015220880508423,0.17973916232585907,-0.39988672733306885,0.7720391154289246
train,Yuzhi,Yuzhi_8_20260715_135404,accepted,True,,0,left,928769609000,932636276000,3.866667,932136276000,932636276000,0.0,16,14,0.875,0.433333,0.005675544753927866,4.383030900802524,-0.18015354871749878,0.33554142713546753,0.08906333148479462,-0.4665161073207855,0.20098169147968292,-0.3950046896934509,0.7654674053192139
train,Yuzhi,Yuzhi_9_20260715_135444,accepted,True,,0,left,976569609000,980736276000,4.166667,980236276000,980736276000,0.0,16,13,0.8125,0.4,0.007002311451682463,8.101375994364004,-0.16608573496341705,0.3352879285812378,0.09846649318933487,-0.38076865673065186,0.1717776656150818,-0.32964447140693665,0.8466653227806091
validation,Atilla,Atilla_1_20260616_184923,accepted,True,,1,right,3910445551000,3915178884000,4.733333,3914678884000,3915178884000,0.0,16,14,0.875,0.433333,0.005034035312474009,1.5865231434156963,0.12442198395729065,0.29748547077178955,0.10030724108219147,-0.33789175748825073,-0.3797726333141327,0.21531489491462708,0.8338114023208618
validation,Atilla,Atilla_2_20260616_185042,accepted,True,,1,right,3982778884000,3990245550000,7.466666,3989745550000,3990245550000,0.0,16,15,0.9375,0.466667,0.005115926287169877,1.200484353693281,0.09651169180870056,0.31198012828826904,0.11400707066059113,-0.3275225758552551,-0.3949227035045624,0.265342116355896,0.8163079023361206
validation,Atilla,Atilla_3_20260616_185212,accepted,True,,1,right,4071173328000,4080039994000,8.866666,4079539994000,4080039994000,0.0,16,14,0.875,0.433333,0.003773848252021635,1.4092356365931507,0.09110564738512039,0.29671406745910645,0.09811995923519135,-0.35902947187423706,-0.3941618800163269,0.2906816303730011,0.7945051789283752
validation,Atilla,Atilla_4_20260616_185327,accepted,True,,1,right,4145412216000,4155912215000,10.499999,4155412215000,4155912215000,0.0,16,14,0.875,0.433334,0.002407078131365878,1.9753744689908628,0.3636198043823242,0.6253735423088074,-0.03038801997900009,-0.04447874799370766,0.3874540627002716,0.613523542881012,0.6866511702537537
validation,Atilla,Atilla_5_20260616_185449,accepted,True,,1,right,4232812215000,4236712214000,3.899999,4236212214000,4236712214000,0.0,16,15,0.9375,0.466667,0.006208853879328696,1.8491238853742773,0.10368810594081879,0.30197107791900635,0.10272351652383804,-0.29742735624313354,-0.36403220891952515,0.28159910440444946,0.8364923596382141
validation,Atilla,Atilla_6_20260616_185613,accepted,True,,1,right,4317878881000,4321478880000,3.599999,4320978880000,4321478880000,0.0,16,14,0.875,0.433334,0.0033284664690957466,1.393216473167971,0.09805965423583984,0.30613887310028076,0.08783051371574402,-0.37499576807022095,-0.3692384958267212,0.27312353253364563,0.8052605986595154
validation,Atilla,Atilla_7_20260616_185714,accepted,True,,1,right,4377212213000,4381878879000,4.666666,4381378879000,4381878879000,0.0,16,14,0.875,0.433333,0.001986134520360193,1.0913079101304801,0.12500783801078796,0.3440307378768921,0.09649144113063812,-0.397915244102478,-0.3724898397922516,0.2987527847290039,0.7833655476570129
validation,Atilla,Atilla_8_20260616_185812,accepted,True,,1,right,4436645546000,4440112212000,3.466666,4439612212000,4440112212000,0.0,16,13,0.8125,0.4,0.001964816076309676,1.3237345905230686,0.09738606214523315,0.2907830476760864,0.1475067138671875,-0.3896960914134979,-0.3531513214111328,0.2627953290939331,0.8089250326156616
validation,Ermal,Ermal_1_20260604_151723,accepted,True,,1,right,1130212313000,1137278979000,7.066666,1136645645000,1137145645000,0.133334,16,16,1.0,0.5,0.049200804525135824,17.407654230499062,0.18322591483592987,0.5031144618988037,0.2552397847175598,-0.33191123604774475,-0.07068254798650742,0.2934510409832001,0.8937143683433533
validation,Ermal,Ermal_2_20260604_151912,accepted,True,,1,right,1247778977000,1251812310000,4.033333,1251312310000,1251812310000,0.0,16,13,0.8125,0.4,0.003752164751509755,1.597901632056114,0.126912921667099,0.48610925674438477,0.273531436920166,-0.37756481766700745,-0.09212645888328552,0.2928721010684967,0.8736037015914917
validation,Ermal,Ermal_3_20260604_152032,accepted,True,,1,right,1317678978000,1321212311000,3.533333,1320712311000,1321212311000,0.0,16,13,0.8125,0.4,0.0018781446440469167,0.8977635960739193,0.10458514839410782,0.4850797951221466,0.31104981899261475,-0.4046579599380493,-0.06572956591844559,0.31305235624313354,0.8566970229148865
validation,Ermal,Ermal_4_20260604_152214,accepted,True,,1,right,1422278976000,1428678976000,6.4,1428145642000,1428645642000,0.033334,16,12,0.75,0.366667,0.019166947065887643,4.100865524172776,0.16484326124191284,0.3724074065685272,0.25457364320755005,-0.40227624773979187,-0.12096088379621506,0.3950077295303345,0.8170135617256165
validation,Ermal,Ermal_5_20260616_153530,accepted,True,,1,right,5003278972000,5015245637000,11.966665,5014745637000,5015245637000,0.0,16,15,0.9375,0.466667,0.005328951065876219,1.9008716420299288,0.26307278871536255,0.4574541449546814,0.004748309962451458,0.29556548595428467,0.5244888067245483,0.5187380313873291,0.6070118546485901
validation,Ermal,Ermal_6_20260616_153648,accepted,True,,1,right,5094545636000,5099545635000,4.999999,5099045635000,5099545635000,0.0,16,12,0.75,0.366667,0.0020839621981234135,0.8917040309830093,0.10247301310300827,0.36049503087997437,0.08355611562728882,-0.33120858669281006,-0.19813458621501923,0.4045149087905884,0.8291026949882507
validation,Ermal,Ermal_7_20260616_153921,accepted,True,,1,right,5258578966000,5262978966000,4.4,5262478966000,5262978966000,0.0,16,14,0.875,0.433333,0.003889908635637954,1.6085102442720856,0.07188661396503448,0.3291807770729065,0.11004871129989624,-0.3086702823638916,-0.1602770835161209,0.42284685373306274,0.8368001580238342
validation,Ermal,Ermal_8_20260616_154054,accepted,True,,1,right,5342245633000,5346212299000,3.966666,5345712299000,5346212299000,0.0,16,13,0.8125,0.4,0.0020911854265516687,0.9570446000287542,0.05124806612730026,0.30424195528030396,0.12326675653457642,-0.4506325423717499,-0.23004454374313354,0.30916452407836914,0.8052497506141663
validation,Ermal,Ermal_9_20260616_154205,accepted,True,,1,right,5412212299000,5416745632000,4.533333,5416245632000,5416745632000,0.0,16,12,0.75,0.366667,0.003617565550520115,1.1234210900936785,0.054466504603624344,0.3030502200126648,0.1139926165342331,-0.4401340186595917,-0.22845721244812012,0.31106168031692505,0.8107588887214661
validation,Vanessa,Vanessa_2_20260624_132710,accepted,True,,1,right,4346036275000,4349002942000,2.966667,4348502942000,4349002942000,0.0,16,14,0.875,0.433333,0.005206421818334913,2.1665485484515408,0.12882354855537415,0.3249416947364807,0.1083986908197403,-0.36145341396331787,-0.41512763500213623,0.27089953422546387,0.7897049784660339
validation,Vanessa,Vanessa_3_20260624_132807,accepted,True,,1,right,4410002943000,4410969609000,0.966666,4410469609000,4410969609000,0.0,16,12,0.75,0.366667,0.011449599707393402,5.912816954945842,0.1112866997718811,0.31547823548316956,0.1254376918077469,-0.15777602791786194,-0.34223541617393494,0.34475603699684143,0.8597237467765808
validation,Vanessa,Vanessa_5_20260624_133059,accepted,True,,1,right,4572969609000,4575736276000,2.766667,4575236276000,4575736276000,0.0,16,13,0.8125,0.4,0.0034907222069951896,1.2697970181432128,0.1082494705915451,0.2955382764339447,0.11557713150978088,-0.1279049515724182,-0.2726212739944458,0.34112289547920227,0.8904791474342346
validation,Vanessa,Vanessa_6_20260624_133209,accepted,True,,1,right,4644136275000,4648136275000,4.0,4647202942000,4647702942000,0.433333,16,16,1.0,0.5,0.049918410785584316,11.194157738627972,0.11165343225002289,0.2953992486000061,0.10076899826526642,-0.15394806861877441,-0.220926895737648,0.41614681482315063,0.8685120344161987
