run_name,model_type,model,seed,epoch,best_intention_epoch,best_pose_epoch,train_intention_macro_f1,validation_intention_macro_f1,train_assistance_macro_f1,validation_assistance_macro_f1,validation_pose_position_mae_cm,validation_pose_orientation_mean_deg,train_loss_total,validation_loss_total,train_loss_assistance,validation_loss_assistance,train_loss_assistance_type,validation_loss_assistance_type,train_loss_receiving_hand,validation_loss_receiving_hand,train_loss_position,validation_loss_position,train_loss_orientation,validation_loss_orientation
benchmark_v2_transformer_v1_seed42,hierarchical_gated_multimodal_transformer,Transformer v1,42,1,8,9,0.8631279552191283,0.8597618948421593,0.9205743180751007,0.9224115289502857,15.44357967376709,39.73882293701172,0.4970315751825508,0.3149976643110295,0.20721042396990877,0.2098490792597013,0.23308345015111723,0.09431018366388255,,,0.012998592617039225,0.0022674690487967325,0.174956436435643,0.03428371814680436
benchmark_v2_transformer_v1_seed42,hierarchical_gated_multimodal_transformer,Transformer v1,42,2,8,9,0.9254634262049263,0.9152128063093484,0.9536221733467376,0.9384650482718572,18.127134323120117,33.90437698364258,0.28578529256739116,0.21790233235092712,0.125047181742756,0.15444455626645998,0.12431774781477686,0.05398040086466579,,,0.009049052272335087,0.00286087210031016,0.10948524358829385,0.026466006593358134
benchmark_v2_transformer_v1_seed42,hierarchical_gated_multimodal_transformer,Transformer v1,42,3,8,9,0.9447153234674177,0.8810760739008222,0.9661076886469813,0.9308159382170239,15.792831420898438,35.12205505371094,0.2258735643248809,0.3307340077834294,0.09564049040359494,0.17692593997203548,0.0968741650653905,0.1445453254235608,,,0.00760216742729474,0.0021885152898668764,0.10302696407233414,0.02829690165667524
benchmark_v2_transformer_v1_seed42,hierarchical_gated_multimodal_transformer,Transformer v1,42,4,8,9,0.9538931982546264,0.8947253934175303,0.9719913180045842,0.9255126642401386,18.27775001525879,38.46459197998047,0.1891020126229054,0.269400827906793,0.07463628142729009,0.16329006568107177,0.08390865749250608,0.09602413455873067,,,0.006917001089283364,0.002766329750058151,0.09456029069462889,0.029281194937685804
benchmark_v2_transformer_v1_seed42,hierarchical_gated_multimodal_transformer,Transformer v1,42,5,8,9,0.9629659954161736,0.902573533475267,0.9767187996422735,0.9386516598375485,17.66889190673828,35.32487869262695,0.15544159790010828,0.3135515087215613,0.0651576400315389,0.1678604837969385,0.06313475241449563,0.13658918805876671,,,0.006373420918887285,0.0025133767217818286,0.08310313806722039,0.02635384240608302
benchmark_v2_transformer_v1_seed42,hierarchical_gated_multimodal_transformer,Transformer v1,42,6,8,9,0.9655625323642424,0.89400213741717,0.9784813039894018,0.9250309999637957,16.188302993774414,35.588680267333984,0.13487298517340893,0.3630732480162424,0.057326466876180156,0.21906636737619392,0.05035985971537517,0.1351652734346346,,,0.006027407547655074,0.002349087335695062,0.08463700537618837,0.0259700586508599
benchmark_v2_transformer_v1_seed42,hierarchical_gated_multimodal_transformer,Transformer v1,42,7,8,9,0.9716682254769978,0.8779104145498421,0.9813225638126712,0.9049863881668094,17.576745986938477,33.27385711669922,0.12142064820975065,0.48926514334603016,0.05432088027242571,0.3416979989448127,0.042488188049373043,0.13889981257647555,,,0.005430524467956274,0.002586876804519805,0.07672422109759952,0.02432182026396115
benchmark_v2_transformer_v1_seed42,hierarchical_gated_multimodal_transformer,Transformer v1,42,8,8,9,0.9750172481122611,0.9368338206069419,0.9833549429123296,0.95966790338524,17.628067016601562,37.22477340698242,0.1049934491995526,0.28875760294601693,0.0468053648120258,0.1493957710235038,0.03440212369950084,0.12961054173289202,,,0.005037429375316654,0.0029059881316272603,0.07499412407314307,0.02738119020397144
benchmark_v2_transformer_v1_seed42,hierarchical_gated_multimodal_transformer,Transformer v1,42,9,8,9,0.9788392223784346,0.920949983584748,0.9872714203614482,0.9472961075069508,15.070958137512207,33.47561264038086,0.09278951564509617,0.30856731160418993,0.03750653307655164,0.19794676143318346,0.03322128410397502,0.10179546217926644,,,0.0048675384865706104,0.0023696596965178725,0.06877664064302257,0.02582171102685313
benchmark_v2_transformer_v1_seed42,hierarchical_gated_multimodal_transformer,Transformer v1,42,10,8,9,0.9806472333167028,0.9187234163079573,0.9886265470424455,0.9494277559293038,17.967071533203125,35.73724365234375,0.08920944896477617,0.3737914859167734,0.035475285211332926,0.1775539310037857,0.032407170808238385,0.18646694921957416,,,0.004738609681249057,0.003275531886761347,0.0663535318092296,0.025980316072462067
benchmark_v2_transformer_v1_seed42,hierarchical_gated_multimodal_transformer,Transformer v1,42,11,8,9,0.9828519631515226,0.9237857815288096,0.9895087521002872,0.9527215579417863,17.018531799316406,31.937654495239258,0.07992943379733908,0.3551938968415221,0.03219167125337806,0.20025684293482154,0.025067153269720668,0.1462564353188217,,,0.004641142379780496,0.0029884098189687657,0.07211786852953465,0.0227688274706804
benchmark_v2_transformer_v1_seed42,hierarchical_gated_multimodal_transformer,Transformer v1,42,12,8,9,0.9843197414514012,0.9267698691501832,0.9889633054570434,0.947766029840438,23.272491455078125,47.42681121826172,0.07779655368704545,0.3320280148779397,0.034151298663162286,0.16731462531952862,0.023051820705228526,0.1498600078800278,,,0.004304026556815906,0.004463420294585728,0.06515763144400952,0.04155983616627993
benchmark_v2_transformer_v1_seed42,hierarchical_gated_multimodal_transformer,Transformer v1,42,13,8,9,0.986217125416396,0.926415080751172,0.9910621073845259,0.953951595630756,17.791152954101562,34.28112030029297,0.06446006392667952,0.4000474499889312,0.027333038241577973,0.1647942112153208,0.01745877852137997,0.226051134839756,,,0.004153814383087018,0.0030483772824217957,0.0620577314047535,0.024614939864184105
benchmark_v2_transformer_v1_seed42,hierarchical_gated_multimodal_transformer,Transformer v1,42,14,8,9,0.9885005057443124,0.9151550240534588,0.9928251796118193,0.9415077153612443,17.51801109313965,34.645713806152344,0.06837086118365589,0.4086238994132439,0.022770379396694664,0.2524725506301923,0.02704471281279008,0.1472348034465397,,,0.003947811792420812,0.0029196546191439755,0.05843182911704246,0.023987584567118074
benchmark_v2_transformer_v1_seed42,hierarchical_gated_multimodal_transformer,Transformer v1,42,15,8,9,0.9889255063816482,0.9293949476642878,0.9921483097638777,0.9469932309041249,18.132335662841797,37.655792236328125,0.0577005640456551,0.42961174700479704,0.02741402269728592,0.2350425429918951,0.011191612379028045,0.18263978653130294,,,0.004254882219002435,0.004431475507801459,0.05936018540180828,0.029991808137105357
benchmark_v2_transformer_v1_seed42,hierarchical_gated_multimodal_transformer,Transformer v1,42,16,8,9,0.9878808778188649,0.9309438754838052,0.9917407067808235,0.9548749035240927,19.75411033630371,42.02251434326172,0.06103504606020196,0.38953104309239867,0.026473446219353814,0.1699243662120323,0.01724634477303497,0.2070133834202986,,,0.0038440202867097563,0.0041204408250538815,0.053884938587679676,0.03389141271491685
benchmark_v2_transformer_v1_seed43,hierarchical_gated_multimodal_transformer,Transformer v1,43,1,5,5,0.869390113905042,0.8801398344667576,0.9251893509014611,0.928038624755896,14.130504608154297,44.93495178222656,0.49350024333125664,0.30333838663664797,0.19862059849069308,0.1881715361697359,0.22847542753050987,0.10198629367721057,,,0.017039506003554715,0.0023487532162107527,0.19745884685924178,0.043327212919511145
benchmark_v2_transformer_v1_seed43,hierarchical_gated_multimodal_transformer,Transformer v1,43,2,5,5,0.929294581758755,0.9096372975895739,0.9566710750443581,0.9409682366229258,17.321434020996094,36.11665344238281,0.2803889291772717,0.2246978900136216,0.12217576422385479,0.16225761073386116,0.11651999802181595,0.05300836939357161,,,0.009794204878914905,0.0024373804579579062,0.12759585113509705,0.02797811713460232
benchmark_v2_transformer_v1_seed43,hierarchical_gated_multimodal_transformer,Transformer v1,43,3,5,5,0.945173711646718,0.9091963398265165,0.9675347830668461,0.9366795523894235,22.209270477294922,45.47958755493164,0.21612125875134217,0.2842151460035013,0.09205515428544267,0.18078948663840552,0.08965214436224318,0.08943741628430754,,,0.007769248165239237,0.003968531585058137,0.10657884307401745,0.04007886776760701
benchmark_v2_transformer_v1_seed43,hierarchical_gated_multimodal_transformer,Transformer v1,43,4,5,5,0.9553870459040298,0.9223134553512233,0.9736913871535836,0.9543482274741506,20.586380004882812,43.13478469848633,0.177214505017588,0.27402218831130376,0.07498238989936286,0.1533365413051797,0.069678376662839,0.10754365874562345,,,0.0072035621148289035,0.0036905551547064415,0.101400704525019,0.03780574943389623
benchmark_v2_transformer_v1_seed43,hierarchical_gated_multimodal_transformer,Transformer v1,43,5,5,5,0.9627560143093034,0.9236208867543484,0.9772612377027212,0.9506651147322913,14.07155704498291,35.32118225097656,0.14932060789905097,0.3020806729651785,0.06610843759471256,0.1758230357152042,0.05520083346790144,0.11705280142984609,,,0.006244276593022637,0.00216933609044645,0.08706824210521422,0.02814202650540298
benchmark_v2_transformer_v1_seed43,hierarchical_gated_multimodal_transformer,Transformer v1,43,6,5,5,0.9696104372282206,0.9202505783053607,0.9805681673283961,0.9515830523369664,18.702381134033203,39.47809982299805,0.12358525888504167,0.3251770202691513,0.05471175625540414,0.15934329656785498,0.04244777025256649,0.15427464663926296,,,0.005899639690668616,0.0032970209215437214,0.08210437066264843,0.03304823828981288
benchmark_v2_transformer_v1_seed43,hierarchical_gated_multimodal_transformer,Transformer v1,43,7,5,5,0.9760235398342281,0.9198672034400005,0.9844382398213856,0.951188127024921,17.84034538269043,33.2183837890625,0.10931451911890977,0.3269690441154507,0.04730418946397932,0.19693620103645382,0.03604205320498869,0.12122918212369241,,,0.005693819445778469,0.0028945442398018656,0.08109782812822806,0.02363647481486682
benchmark_v2_transformer_v1_seed43,hierarchical_gated_multimodal_transformer,Transformer v1,43,8,5,5,0.976487025510317,0.8927169139409078,0.9842264580576121,0.9346507375385503,17.81618881225586,39.638668060302734,0.10332730833539053,0.45857118236369476,0.0465890946884419,0.23742497422649794,0.03385416375882893,0.2103697829292903,,,0.005189671818669395,0.00277446573712833,0.07077751202214705,0.03200784917440145
benchmark_v2_transformer_v1_seed43,hierarchical_gated_multimodal_transformer,Transformer v1,43,9,5,5,0.9785528311032564,0.9224658033172032,0.9853828760273079,0.9499424480396118,15.713970184326172,31.735923767089844,0.09292895046111785,0.3283886469831017,0.04367841183600065,0.16649395953825133,0.026507571318316447,0.15410858922784368,,,0.005016806591547241,0.0027493763303819804,0.07090464322778739,0.020146900863056223
benchmark_v2_transformer_v1_seed43,hierarchical_gated_multimodal_transformer,Transformer v1,43,10,5,5,0.980292030585976,0.9083326257257031,0.9858537367029678,0.9516088194366457,17.796579360961914,35.25936508178711,0.0831045758410504,0.41172314190742093,0.04292534301829475,0.17159838390838442,0.020140966063470267,0.23122733424016742,,,0.004615709158457129,0.003135648899431896,0.06169023057249816,0.02304708806707734
benchmark_v2_transformer_v1_seed43,hierarchical_gated_multimodal_transformer,Transformer v1,43,11,5,5,0.9838925428106807,0.9132963333091171,0.989305456402523,0.9416132157703007,17.74643898010254,40.51892852783203,0.0771690259177826,0.47220097789326126,0.03468931295097144,0.24686051081484509,0.02284957287390793,0.2137773539972232,,,0.004191782221528947,0.003187102054418515,0.061753432469344456,0.033504088063754385
benchmark_v2_transformer_v1_seed43,hierarchical_gated_multimodal_transformer,Transformer v1,43,12,5,5,0.9808868666030545,0.8908429449125562,0.9876124495998573,0.9456733764131549,15.079084396362305,33.3891487121582,0.08372687500497131,0.5423003238125133,0.03825825647349886,0.2022346190631417,0.026636483683207764,0.33255844817170827,,,0.004138030653718344,0.002149200474847138,0.05877641763342054,0.021432256483803352
benchmark_v2_transformer_v1_seed44,hierarchical_gated_multimodal_transformer,Transformer v1,44,1,11,8,0.8610079236470426,0.8558356530215177,0.9213088004057836,0.9215098053220956,14.351068496704102,36.75621032714844,0.515715254262874,0.34054958676889296,0.20452640629128405,0.18363790116798615,0.25151160268603184,0.1470174813237522,,,0.01447825735091771,0.002275717775187185,0.18079595396785358,0.030473914928734303
benchmark_v2_transformer_v1_seed44,hierarchical_gated_multimodal_transformer,Transformer v1,44,2,11,8,0.9319456626373416,0.8716146047597997,0.9607884264447635,0.9280338819249027,12.970561981201172,34.37249755859375,0.2726184265550814,0.28059527091869724,0.11200842400228507,0.1774525554989645,0.12340571383210389,0.09471812636606515,,,0.008919498897035067,0.002152018694159192,0.11313915419147202,0.02509028621528658
benchmark_v2_transformer_v1_seed44,hierarchical_gated_multimodal_transformer,Transformer v1,44,3,11,8,0.946572636011536,0.9024183480707525,0.9688246718444213,0.9299286922338529,13.353739738464355,32.80985641479492,0.20917819998962314,0.29169413746867867,0.08915982713971875,0.1889496318594132,0.08920330003639193,0.09450199869987104,,,0.007260239472318636,0.0018812628906978775,0.09421933106293803,0.025444986756830927
benchmark_v2_transformer_v1_seed44,hierarchical_gated_multimodal_transformer,Transformer v1,44,4,11,8,0.9544960625355374,0.9262857304158674,0.9724618387136801,0.9511450154518686,13.296854019165039,36.302146911621094,0.1757593414775635,0.20258829353007324,0.07371174126912497,0.1428573509535542,0.07321881216926206,0.050692750773798194,,,0.00675048447214067,0.0019768556470103984,0.08831321251431579,0.028245348892655345
benchmark_v2_transformer_v1_seed44,hierarchical_gated_multimodal_transformer,Transformer v1,44,5,11,8,0.9639757274949913,0.9168198623709425,0.9768572514603,0.9461925713961594,18.603179931640625,36.26799392700195,0.14607741940570504,0.25265133599872747,0.06509870821708127,0.1697472895985195,0.05340387690119985,0.07339947427023999,,,0.00624375916521163,0.0028612658591760745,0.08532430056972723,0.026573231624018763
benchmark_v2_transformer_v1_seed44,hierarchical_gated_multimodal_transformer,Transformer v1,44,6,11,8,0.9714002157854612,0.9075610611624905,0.9830048445994963,0.9499677869085401,14.687521934509277,38.276702880859375,0.1274600850045681,0.27359051848930727,0.05167923868407103,0.15033744543301686,0.05036732160023683,0.11408700906359891,,,0.00586847384791135,0.0020979481069521317,0.07818020173985707,0.028272490197372054
benchmark_v2_transformer_v1_seed44,hierarchical_gated_multimodal_transformer,Transformer v1,44,7,11,8,0.9730938446348872,0.9292193412360649,0.9828763418231554,0.9518790546802596,11.876949310302734,30.886510848999023,0.11094990867435148,0.23686121484746353,0.04909097239705979,0.15083528789452225,0.03822723050172882,0.07862003873411126,,,0.005250948657293951,0.001812170728953788,0.07352302844881227,0.02237486656597485
benchmark_v2_transformer_v1_seed44,hierarchical_gated_multimodal_transformer,Transformer v1,44,8,11,8,0.9754253380273971,0.9310636034421199,0.9851795300687337,0.9622310057092666,11.481075286865234,36.39842987060547,0.10849096719567713,0.27405943464832344,0.04442695665191614,0.15768501323277778,0.04137659498063027,0.10805066188139233,,,0.004988608139223958,0.0016788623151144074,0.07079523089635921,0.026579593218141986
benchmark_v2_transformer_v1_seed44,hierarchical_gated_multimodal_transformer,Transformer v1,44,9,11,8,0.9762352590495046,0.9291346053074635,0.9854547508745908,0.9580754557015685,14.029386520385742,33.37565612792969,0.09643433469494707,0.26046500993294514,0.04111069343187601,0.16215351409922615,0.033529400128142074,0.08976895050344895,,,0.0050620951848472226,0.002255507701662399,0.06692858350708296,0.025148142568556773
benchmark_v2_transformer_v1_seed44,hierarchical_gated_multimodal_transformer,Transformer v1,44,10,11,8,0.9806043646819522,0.9227123735884618,0.9877483815111026,0.9526536257131079,11.649242401123047,32.01951217651367,0.08787529869201152,0.27953213564732354,0.03667292643421158,0.18820257754669,0.030763394830183213,0.08365646262598882,,,0.004741504773571107,0.0018566628446757432,0.06278989235331353,0.023265735276283755
benchmark_v2_transformer_v1_seed44,hierarchical_gated_multimodal_transformer,Transformer v1,44,11,11,8,0.9818083066327384,0.9385681054371943,0.9881513215417049,0.9588476353316425,14.755837440490723,40.01834487915039,0.07714267652677863,0.2328479948221596,0.03406383582182523,0.17490301340753392,0.023847101036289564,0.047937365809719176,,,0.004340036372764428,0.002105109101150095,0.059566813159341876,0.031610028442716404
benchmark_v2_transformer_v1_seed44,hierarchical_gated_multimodal_transformer,Transformer v1,44,12,11,8,0.9842425735819019,0.9360365169949288,0.9896399364612978,0.9598852364165608,12.373705863952637,34.583526611328125,0.07328073299833034,0.2668978076025298,0.032053664827621293,0.17816976662916498,0.02239646248056823,0.08070256169668438,,,0.0043226314143057125,0.001942152989701548,0.058031897623288003,0.024333304289968744
benchmark_v2_transformer_v1_seed44,hierarchical_gated_multimodal_transformer,Transformer v1,44,13,11,8,0.9842586846915301,0.9246369946617731,0.9900480051462652,0.9554415767957583,15.401254653930664,36.45423126220703,0.07336434672537603,0.35197783417157963,0.031894525852878455,0.20895560497575066,0.023053472325995437,0.13325747260029175,,,0.004110391607544826,0.002513584179518324,0.057223827024235535,0.02900470069031261
benchmark_v2_transformer_v1_seed44,hierarchical_gated_multimodal_transformer,Transformer v1,44,14,11,8,0.9840988585918272,0.9073749354023898,0.9899823262504646,0.9382269661049885,12.749693870544434,33.33238983154297,0.07146059227421095,0.3201259164945969,0.029092420006667164,0.22715644927683892,0.02494236089241847,0.08484651706588546,,,0.003855595655224629,0.001975009471108581,0.054280861509277634,0.02459175778823274
benchmark_v2_transformer_v1_seed44,hierarchical_gated_multimodal_transformer,Transformer v1,44,15,11,8,0.9864004208869631,0.9264080330338357,0.9905246696703591,0.957055308322067,15.573568344116211,41.139015197753906,0.061223485671277895,0.3064500071269586,0.028218046356525615,0.1871592644624211,0.01580081641152662,0.10835202796616913,,,0.0038478164693132337,0.0023780981371659907,0.05342722624540329,0.034242474639247504
benchmark_v2_transformer_v1_seed44,hierarchical_gated_multimodal_transformer,Transformer v1,44,16,11,8,0.98898553184319,0.9200286118911073,0.9937736324624684,0.946989609553521,12.395488739013672,36.711570739746094,0.05787411839407133,0.31983476212128387,0.01917093649588519,0.23916452456009094,0.02184421021752793,0.07130791653128749,,,0.0036950168066265943,0.0021053080967131763,0.05265582088479086,0.029028060568136074
benchmark_v2_transformer_v1_seed44,hierarchical_gated_multimodal_transformer,Transformer v1,44,17,11,8,0.9892022439524023,0.9225886706661269,0.9933663784560769,0.9476409513977548,13.240358352661133,36.900352478027344,0.05392766845473824,0.39278669224436713,0.02174329572618406,0.2513822947211367,0.016185392243367243,0.13243314145874946,,,0.003793702296250941,0.0017861896175740948,0.04882111278705691,0.028740258455546872
benchmark_v2_transformer_v1_seed44,hierarchical_gated_multimodal_transformer,Transformer v1,44,18,11,8,0.9886770482617697,0.9169354883400018,0.99296181166989,0.9492334991761942,16.346567153930664,40.533084869384766,0.053882086806391415,0.4096145182476844,0.01893934868675148,0.28497506277125423,0.02025952220149999,0.11295954951950651,,,0.003436233032813394,0.0031294454792289124,0.04498793015109473,0.03420184336362347
benchmark_v2_gru_v1_seed42,hierarchical_gru,GRU,42,1,8,5,0.8595138660974481,0.8829972668774296,0.9142642710385647,0.9360269042252514,11.490072250366211,32.72541427612305,0.4853246262512709,0.2788636559609234,0.21867927311674545,0.1740338180172858,0.2202281212914539,0.09744675843150265,,,0.01133748522334683,0.00144023762550205,0.14031897920526956,0.023771361845936024
benchmark_v2_gru_v1_seed42,hierarchical_gru,GRU,42,2,8,5,0.9277904763313964,0.8926043705815306,0.9572174324430968,0.9316490190349962,18.310420989990234,35.41903305053711,0.2594791180836527,0.25290585658231357,0.11749407984120282,0.17529675325908278,0.11204852984556438,0.06806270471556232,,,0.00637001327566778,0.0027013532854917068,0.09426598218318663,0.027380185412062753
benchmark_v2_gru_v1_seed42,hierarchical_gru,GRU,42,3,8,5,0.9508233843093667,0.9092762934263248,0.9682780776973063,0.9467857960073003,15.417427062988281,36.550498962402344,0.1839230583666971,0.21447208370063303,0.08877800307873833,0.13744944337879367,0.06881082043823737,0.06817350604767618,,,0.0054754162913703015,0.002029747108838731,0.08343527546446575,0.02727754700989012
benchmark_v2_gru_v1_seed42,hierarchical_gru,GRU,42,4,8,5,0.9609996233112508,0.9093037424724596,0.9755785940150903,0.9459364841210303,14.880280494689941,33.22593688964844,0.14558078357067547,0.23527102437078756,0.06785018267453109,0.1478168920734935,0.055082291268473985,0.07956331432538835,,,0.004673996765815996,0.0020384365418595414,0.07189725204910102,0.02340953661158921
benchmark_v2_gru_v1_seed42,hierarchical_gru,GRU,42,5,8,5,0.9670367339076179,0.8877469047980293,0.9795667322872106,0.9325298400571218,11.265257835388184,33.09769058227539,0.124090736700516,0.34685751086550637,0.05567393402323911,0.23116242071644652,0.04663707821492847,0.10822492049723106,,,0.004523559475446267,0.0014610243206627802,0.06902466156667,0.024036581027171305
benchmark_v2_gru_v1_seed42,hierarchical_gru,GRU,42,6,8,5,0.9733619638755121,0.8963492259387066,0.9822652158723688,0.9474715285225475,13.649972915649414,36.36320877075195,0.10286482880382161,0.28727624909022836,0.048023586906799066,0.1511966819237005,0.03322907873902678,0.12769749280012607,,,0.004270077817728681,0.0016354441036274957,0.06936834160434573,0.02698652899914211
benchmark_v2_gru_v1_seed42,hierarchical_gru,GRU,42,7,8,5,0.9768157791868779,0.9077025624180095,0.9859223663673906,0.9534319716670323,13.285917282104492,36.43084716796875,0.09202150258970888,0.3046145487009081,0.03739901577870018,0.15759607855045854,0.03609941802750415,0.13885210666954192,,,0.0038715719781497395,0.0017445045973985425,0.05860598680220152,0.025687439382196434
benchmark_v2_gru_v1_seed42,hierarchical_gru,GRU,42,8,8,5,0.9826564485363587,0.9190128700862502,0.9880191355108572,0.9543238208485442,15.368806838989258,34.33748245239258,0.07243398860942474,0.3289822491120621,0.032821961512565494,0.18626047016183997,0.021190063236949514,0.13456068792505638,,,0.00367491363578378,0.0021771715438526663,0.05898820092509452,0.023935684979322455
benchmark_v2_gru_v1_seed42,hierarchical_gru,GRU,42,9,8,5,0.9837257588122769,0.8891555881375659,0.9890327417909296,0.926373440587835,14.10568618774414,32.744327545166016,0.06818355903127475,0.4376215114329933,0.030527828713391884,0.2629857005812805,0.020738371430686943,0.16743788184537828,,,0.003499953474169352,0.0018303064411626228,0.05366962202824652,0.02147048655446739
benchmark_v2_gru_v1_seed42,hierarchical_gru,GRU,42,10,8,5,0.9835795774540079,0.9049299094706177,0.9893068905333697,0.9519320829206265,12.515059471130371,32.781471252441406,0.07087936398034032,0.397161235401801,0.03025528448267754,0.1876279787985045,0.02371148800082952,0.2022525002148669,,,0.0034580285020638256,0.0016133561678748998,0.05381825206801295,0.022669603732684927
benchmark_v2_gru_v1_seed42,hierarchical_gru,GRU,42,11,8,5,0.9868992504534075,0.8946306594461566,0.9901829651948438,0.9403332821004156,13.454431533813477,35.237953186035156,0.054941552405147566,0.5119858198124142,0.026183989556042148,0.28460642035369965,0.013183681114066866,0.21970527619764138,,,0.0031316206948490857,0.001659567736374635,0.04976904372292522,0.024058224708442728
benchmark_v2_gru_v1_seed42,hierarchical_gru,GRU,42,12,8,5,0.9891636468249493,0.912697055644784,0.9920839760387882,0.9453573175089811,14.617707252502441,36.55247116088867,0.048793829189809526,0.41535724752952774,0.022272874136266947,0.24982139724864927,0.011339702749901813,0.15612679129129042,,,0.0031035861949203535,0.002275993723625077,0.04831066499317163,0.028532264153322866
benchmark_v2_gru_v1_seed42,hierarchical_gru,GRU,42,13,8,5,0.9905049205297107,0.9126999504558485,0.9930268335378594,0.9475988812819086,17.73995590209961,44.90181350708008,0.04308940857648849,0.447788528777283,0.02117272008955632,0.2579965394489635,0.008601129830695563,0.17751973827472373,,,0.0027512381859828325,0.0027433373672407,0.04225728159623319,0.038115653209388256
benchmark_v2_gru_v1_seed42,hierarchical_gru,GRU,42,14,8,5,0.9922525024329522,0.8814911847122184,0.9945184563267919,0.9286935563612393,14.378706932067871,35.713565826416016,0.03923810203951832,0.6196414670392759,0.017060590040491663,0.3458189227682866,0.008764965954210072,0.2650477953777422,,,0.002810071307834924,0.002024016676342956,0.04240989998228064,0.027002946894255378
benchmark_v2_gru_v1_seed42,hierarchical_gru,GRU,42,15,8,5,0.9907721039798703,0.8715934683763589,0.9931622348283864,0.9140135793421684,12.658204078674316,37.57761764526367,0.04125717223131735,0.7534858572738402,0.018803059176096117,0.42928309303723716,0.008897827382250301,0.31463623607750574,,,0.0028905066890078353,0.0014451007995258777,0.042663116790354255,0.03248567330921369
benchmark_v2_gru_v1_seed43,hierarchical_gru,GRU,43,1,8,9,0.863831856698273,0.8923824513328006,0.9136424084784969,0.9357386558518868,13.530892372131348,36.147682189941406,0.4703282118392618,0.2529502147902554,0.215298268834227,0.15628879674477503,0.2110010999843086,0.0868303700417821,,,0.010891899189813748,0.0024010824004841607,0.13254777658534678,0.029719858129899347
benchmark_v2_gru_v1_seed43,hierarchical_gru,GRU,43,2,8,9,0.9304815946496884,0.911685263129717,0.9609642207527851,0.941360739166955,14.009453773498535,34.55009460449219,0.24967259261953204,0.21180596448961767,0.10925589684396982,0.14301127366225927,0.11303826777117425,0.05928017738117506,,,0.006268020935454651,0.002355643228398666,0.08444162636407111,0.028635480020555756
benchmark_v2_gru_v1_seed43,hierarchical_gru,GRU,43,3,8,9,0.949741608710791,0.9052662308070025,0.9697660996390105,0.9417943258728427,14.185839653015137,33.917293548583984,0.18199188459860652,0.2127323159347138,0.08355049428677089,0.13676167396084976,0.0741901695790186,0.06794548988945016,,,0.005317121284254091,0.0020238769371175177,0.07573640093109325,0.024005101633168036
benchmark_v2_gru_v1_seed43,hierarchical_gru,GRU,43,4,8,9,0.9603830260581597,0.9150238367895085,0.975434563538586,0.9459749761586658,13.665987968444824,42.35833740234375,0.14582537025703413,0.2437857973718858,0.0687304904789811,0.16814914423148072,0.054474712289980076,0.06491863161734786,,,0.004713519000766897,0.0020295982242039884,0.0716265947018799,0.0347536894222421
benchmark_v2_gru_v1_seed43,hierarchical_gru,GRU,43,5,8,9,0.9650672509069785,0.8863652150778772,0.9771961034031758,0.9197674418604651,12.317784309387207,33.6818962097168,0.1222898875804324,0.34388281678829735,0.05939968219468076,0.25168843241596234,0.042581268560989934,0.0851324736850661,,,0.004246134977530394,0.0016078665249815753,0.06425120568049973,0.021816173147770665
benchmark_v2_gru_v1_seed43,hierarchical_gru,GRU,43,6,8,9,0.9713761722718194,0.9119617148172298,0.9808535439742954,0.9525077534258701,13.940308570861816,30.473379135131836,0.10553145066246783,0.30677647140316455,0.05175854939072834,0.1616885454474663,0.03470765843339522,0.1377949852386894,,,0.003908248026671476,0.0020782119414258387,0.06062797941390033,0.02085893303756752
benchmark_v2_gru_v1_seed43,hierarchical_gru,GRU,43,7,8,9,0.977659262392777,0.9055381554136069,0.9859211071628151,0.9384270572304627,13.925400733947754,36.24360656738281,0.08535590806583825,0.29621400798069153,0.037110487345949204,0.17922553535895386,0.030619931899663673,0.10809810170617458,,,0.0037119393150542718,0.0023394383667525082,0.05565419655342243,0.026203745059789188
benchmark_v2_gru_v1_seed43,hierarchical_gru,GRU,43,8,8,9,0.9796545782510103,0.9257543338874208,0.9861862705289663,0.9549917182704852,12.506718635559082,36.430816650390625,0.07563154258716263,0.29115401735165386,0.03503183363900079,0.18668666951561458,0.024050734380430903,0.09596647183086808,,,0.0033889396424638106,0.0019196623433080891,0.05264013978505605,0.026324844603697137
benchmark_v2_gru_v1_seed43,hierarchical_gru,GRU,43,9,8,9,0.9822247699520248,0.9055002580797783,0.9872057267937027,0.9477008322987079,11.800338745117188,36.8606071472168,0.06901059007370158,0.37526909677070497,0.03437691166393434,0.191646348761013,0.019161275860219335,0.17557251730905563,,,0.00319671554196822,0.0015982982506337125,0.049102747073691146,0.02580774094789259
benchmark_v2_gru_v1_seed43,hierarchical_gru,GRU,43,10,8,9,0.9845317966849093,0.9185356896347906,0.989441774775543,0.9570910114269968,13.640300750732422,39.66995620727539,0.06032888674569365,0.363323079627222,0.02851809194643896,0.1915241814725842,0.017398051271220058,0.16284747588447462,,,0.003076375734526664,0.001984180458220503,0.0453454708915792,0.027868980601910624
benchmark_v2_gru_v1_seed43,hierarchical_gru,GRU,43,11,8,9,0.9856661295042798,0.9122517620630014,0.9899827744352941,0.9540252326630035,14.097631454467773,49.09684753417969,0.056877661189554556,0.43442046139807644,0.026606909330217414,0.19397135552680406,0.016516300370822138,0.2276400602221704,,,0.0030239893243599095,0.002125866141267902,0.04292184947695779,0.042732724874851205
benchmark_v2_gru_v1_seed43,hierarchical_gru,GRU,43,12,8,9,0.9864905302030423,0.9185065802027044,0.9911280164914034,0.9549204612790009,13.677041053771973,37.63038635253906,0.055365355278512364,0.37360500786471385,0.024365139346964975,0.21808804637291154,0.01727818656980497,0.14696066822240217,,,0.0030523797389928643,0.002033025568028191,0.042678598377755596,0.026093078679555366
benchmark_v2_gru_v1_seed43,hierarchical_gru,GRU,43,13,8,9,0.9906690226000051,0.9082449619034985,0.9928923891146721,0.9488326602267394,12.553882598876953,34.32583999633789,0.04334146827532861,0.4774432201907515,0.01995512458075322,0.2535331137166483,0.010073486318834559,0.21687683332715052,,,0.0029227231308131627,0.001635316624155929,0.041560537175422435,0.021591842159508698
benchmark_v2_gru_v1_seed43,hierarchical_gru,GRU,43,14,8,9,0.9914057012002752,0.9194981849626576,0.9933666754901724,0.9547166961556495,13.573397636413574,48.44364929199219,0.03656882064159665,0.4412170935865869,0.017100475350158184,0.24020796316558662,0.007168179863954145,0.18838853359125968,,,0.002639425050200723,0.002021468820467201,0.03864296215733415,0.04239653029869641
benchmark_v2_gru_v1_seed43,hierarchical_gru,GRU,43,15,8,9,0.9912943209920547,0.9034615225925661,0.9935017584875856,0.9393787326893867,16.70336151123047,43.008243560791016,0.04106531719652642,0.47780642416975544,0.01738083669594887,0.32748124391580113,0.011682266831469765,0.13877885116552913,,,0.0026179749854092827,0.002429261760440685,0.03753695429547837,0.036468260170471285
benchmark_v2_gru_v1_seed43,hierarchical_gru,GRU,43,16,8,9,0.991065201019274,0.9192957118373526,0.9939092600989432,0.9524332286524795,13.70358943939209,38.80641174316406,0.038766087145103434,0.418353702335372,0.01689302025501667,0.2530876191539329,0.010214202584735464,0.15615270601414516,,,0.002525398559733539,0.0018749177792004399,0.03653386362779297,0.028953838913190748
benchmark_v2_gru_v1_seed44,hierarchical_gru,GRU,44,1,7,10,0.8647174257282831,0.8758602728387025,0.9144658349054554,0.941100275441078,15.697566032409668,33.437034606933594,0.486334339388107,0.3049870300024087,0.21733395644904752,0.1593838529323318,0.21429667236577524,0.13707555726831477,,,0.012221028696574075,0.0020774610696413045,0.16993073279136106,0.02580062801679296
benchmark_v2_gru_v1_seed44,hierarchical_gru,GRU,44,2,7,10,0.9278557998766038,0.8785687334397968,0.9581997195039331,0.9116719806374979,13.812650680541992,32.83616256713867,0.27134899377822874,0.3316022161274187,0.11783502991605355,0.254992951383634,0.12148570699494725,0.06838938664464701,,,0.006341439044029501,0.0016612121856474738,0.10274726713272302,0.026234658987021015
benchmark_v2_gru_v1_seed44,hierarchical_gru,GRU,44,3,7,10,0.9480247283545608,0.8831555516408699,0.9693041150380237,0.9255126642401386,16.60349464416504,40.45370101928711,0.18411015545067033,0.3240265191331761,0.0846964945438269,0.2084350489763423,0.07351759192693096,0.10494730562242048,,,0.005533761202601263,0.0023309092108731067,0.08144923251416337,0.03325303594371484
benchmark_v2_gru_v1_seed44,hierarchical_gru,GRU,44,4,7,10,0.9601077790438121,0.9207282274659391,0.9754432953669744,0.9485841075761059,17.665409088134766,35.559669494628906,0.14703717302334937,0.2381962956426451,0.06566959010976317,0.1599396773594743,0.0563905895413451,0.06855376322052889,,,0.0049907634037816406,0.0026049433978304506,0.07994492074572726,0.028391650476072346
benchmark_v2_gru_v1_seed44,hierarchical_gru,GRU,44,5,7,10,0.966916162217923,0.9121316271226488,0.9786118697402226,0.941155487930801,14.66035270690918,34.55535888671875,0.11963074008689115,0.2634719346429084,0.055117276322317166,0.15667144776964578,0.04220733456770081,0.09763737454517057,,,0.0046495244190047835,0.0020330318852023583,0.0706264174464894,0.028520312843724124
benchmark_v2_gru_v1_seed44,hierarchical_gru,GRU,44,6,7,10,0.9748955665468327,0.915657389659907,0.9851795300687337,0.9504180890555338,22.386474609375,52.012569427490234,0.10035159790202192,0.2590014907584719,0.04393185487874832,0.15420915857072443,0.036385981730104267,0.08830168390880816,,,0.004163878907719137,0.003957142279813847,0.06347953090444207,0.050134033144962405
benchmark_v2_gru_v1_seed44,hierarchical_gru,GRU,44,7,7,10,0.9781047359793688,0.9391309154406078,0.9854502235834601,0.9608705293016331,17.122648239135742,31.062978744506836,0.0839309216555404,0.24450977686401823,0.040162377935944515,0.14433007522969885,0.02525628986193624,0.09202134761568642,,,0.003854834069620426,0.002674749115436909,0.058629678460818374,0.021934434170684507
benchmark_v2_gru_v1_seed44,hierarchical_gru,GRU,44,8,7,10,0.9814417919128341,0.9172904543628794,0.9870703376592445,0.9511712595538122,15.501825332641602,36.1521110534668,0.07361359782909092,0.3541042164583374,0.03738460963028238,0.2153197064056463,0.018751446048297926,0.12996770955665088,,,0.0034170640547343187,0.0020872619650383,0.056241912009488595,0.026918151528544484
benchmark_v2_gru_v1_seed44,hierarchical_gru,GRU,44,9,7,10,0.9842687104796205,0.9175218407549179,0.9884957820585294,0.950011937314678,16.422571182250977,37.245975494384766,0.06330484076157997,0.3788405495100696,0.03079583368849279,0.22165565911729807,0.016213111440853314,0.14752007061787162,,,0.0035462042541047067,0.002440694606423588,0.05099876554878919,0.028896489586200443
benchmark_v2_gru_v1_seed44,hierarchical_gru,GRU,44,10,7,10,0.9843647839956527,0.9186286664206964,0.989101663309164,0.9496983849851056,13.47808837890625,32.41034698486328,0.06560497392067,0.37510285054723946,0.028355860084503595,0.21043657688953257,0.0199852393226492,0.15748766997534946,,,0.0034733045708976295,0.0018836048903692918,0.05516227861670287,0.021179996907801157
benchmark_v2_gru_v1_seed44,hierarchical_gru,GRU,44,11,7,10,0.9866262692383393,0.881250516212265,0.9903871558263078,0.9308203408568423,15.659822463989258,34.97610092163086,0.05732386381953562,0.5928640432725109,0.026461705888581682,0.33020193029997535,0.014537157842132728,0.25401435324731153,,,0.003204797960903594,0.0022448337812449844,0.05248080986649974,0.02561172310473217
benchmark_v2_gru_v1_seed44,hierarchical_gru,GRU,44,12,7,10,0.9881477058753404,0.9174685966551399,0.9919428986483594,0.9566141668800805,16.114830017089844,33.47977828979492,0.050614051644837385,0.4172104900905336,0.020892990069355858,0.22009241198156448,0.014793489024145137,0.1879325557457275,,,0.0030400880230100533,0.003059229606972827,0.04754993723411309,0.024505157004891625
benchmark_v2_gru_v1_seed44,hierarchical_gru,GRU,44,13,7,10,0.9887795677946735,0.9110044381017249,0.9922836837334659,0.9461851372402748,14.39159107208252,35.069091796875,0.049685052217376464,0.46170249965639926,0.021708763243851105,0.24271252869339371,0.013651681507959246,0.21068092424883206,,,0.003024399274451609,0.0019778080477995136,0.045200832597421185,0.025324948094484788
benchmark_v2_gru_v1_seed44,hierarchical_gru,GRU,44,14,7,10,0.9914507926354692,0.9134946392931477,0.9949244965988814,0.9467022923455494,15.648280143737793,33.31997299194336,0.04530550630763173,0.46366580053750883,0.015532513382200514,0.30226377254436904,0.016009916069221954,0.15334522906847184,,,0.0028968232230889906,0.0021058588688667385,0.043465013965278076,0.023803780846778425
benchmark_v2_gru_v1_seed44,hierarchical_gru,GRU,44,15,7,10,0.9923286997341229,0.9131440256435587,0.9945855255259195,0.9560087170054257,18.0150146484375,51.03923797607422,0.039514319448682826,0.4541658720287222,0.016196322330537156,0.2367402479553657,0.009623318908769234,0.20137895036845388,,,0.002892433519315857,0.0031918513667469305,0.04320897836777333,0.05141927007465593
benchmark_v2_gru_v1_seed44,hierarchical_gru,GRU,44,16,7,10,0.991336258881848,0.9099176074620509,0.9935020494597608,0.9489730946699422,15.561710357666016,34.68476867675781,0.04043985188816135,0.49693751629960786,0.01941901088956097,0.2534688455942548,0.008532787686066226,0.23462420449253651,,,0.0026760994269831202,0.0024028827862029203,0.039247816031014446,0.02576634579999072
benchmark_v2_gru_v1_seed44,hierarchical_gru,GRU,44,17,7,10,0.9930693077712256,0.9108144328738627,0.9945852834785374,0.951292499457672,16.942636489868164,42.7995491027832,0.033019427937994665,0.5453341593721956,0.016707242727317,0.24523233495483326,0.004497726359210637,0.28839941534946895,,,0.0026520635910702896,0.0026962513483369784,0.036649581351268445,0.03602463289374305
benchmark_v2_residual_v2_seed42,hierarchical_residual_pose_transformer_v2,Residual Transformer v2,42,1,6,13,0.8518302043512751,0.9033571041446603,0.9101139130957703,0.9391507626208131,8.500779151916504,23.11911964416504,0.5923940160243135,0.24416824492190273,0.22261067545335544,0.16688997079918702,0.24516890798548335,0.06807641293703308,0.10087029479787146,0.0031101486444728627,0.0040660514629952986,0.0010143144649074174,0.0787123483586076,0.020309594317129063
benchmark_v2_residual_v2_seed42,hierarchical_residual_pose_transformer_v2,Residual Transformer v2,42,2,6,13,0.9264451327380638,0.9144122127295674,0.9573581644364004,0.9479301874910142,11.822310447692871,30.951013565063477,0.32389384488526146,0.22051372577815556,0.12338187333588538,0.1421507359003543,0.13721532771314837,0.06578015596906264,0.043454999735113235,0.004466047620054826,0.003590176699267192,0.0013977619274819812,0.06500587032985335,0.026876095442041274
benchmark_v2_residual_v2_seed42,hierarchical_residual_pose_transformer_v2,Residual Transformer v2,42,3,6,13,0.9428533936932739,0.9101457844633001,0.9656257516570803,0.9392881679252454,9.145936012268066,27.54798698425293,0.24476027963781044,0.22603212729905686,0.09797473425241678,0.14947942738006298,0.09661747497236846,0.06747833983371815,0.031664452797420764,0.002080165207453613,0.0032851661942511685,0.0010776813259355785,0.06087380641887553,0.023666053289367307
benchmark_v2_residual_v2_seed42,hierarchical_residual_pose_transformer_v2,Residual Transformer v2,42,4,6,13,0.9519982538160431,0.8946372916543354,0.9713032852873731,0.9318964136193515,10.894889831542969,32.68191909790039,0.20212027068789068,0.3344690047555149,0.07834928628106258,0.18848806547940777,0.08298728522207392,0.11874875792719033,0.022177460480352715,0.018890893277843605,0.003355182544522617,0.0012921439108228492,0.06100422700621972,0.028196591583471143
benchmark_v2_residual_v2_seed42,hierarchical_residual_pose_transformer_v2,Residual Transformer v2,42,5,6,13,0.9610272398161074,0.9078360515534142,0.9761752473055645,0.9528900119918499,10.098946571350098,30.197484970092773,0.16532355703119384,0.3624560662716366,0.06738115757140085,0.15248448012226296,0.06281482685878137,0.18297263867064048,0.016310345477992854,0.0185875703391796,0.0034351589700274514,0.0012871676322726172,0.06152827380347605,0.028496811985068263
benchmark_v2_residual_v2_seed42,hierarchical_residual_pose_transformer_v2,Residual Transformer v2,42,6,6,13,0.9659606250592865,0.9295669575699375,0.9800399076671638,0.955165852465568,8.470033645629883,29.325210571289062,0.14733782315871824,0.24870057859692268,0.0559021976704121,0.1515947671985252,0.059343694967346414,0.08669891423203573,0.014827771723633448,0.0023197624247968045,0.0032412986168913593,0.0011584893023433734,0.05609144094547159,0.02771457749223637
benchmark_v2_residual_v2_seed42,hierarchical_residual_pose_transformer_v2,Residual Transformer v2,42,7,6,13,0.9714894545331445,0.9068138870756175,0.9826659052305957,0.938822767668096,8.575529098510742,28.539838790893555,0.12572469903278705,0.31563984522055705,0.051865353600648964,0.1716536493957744,0.048262570379087454,0.1345220302793032,0.00810180523200918,0.0022326945767960544,0.003211123803722378,0.0010538231907694059,0.05713538392348901,0.024710578498460593
benchmark_v2_residual_v2_seed42,hierarchical_residual_pose_transformer_v2,Residual Transformer v2,42,8,6,13,0.9745488668622518,0.9035211144193799,0.9836856092977901,0.9354923615907194,9.382772445678711,27.417818069458008,0.10405232626258543,0.35212632215670087,0.04545570071979647,0.20909355321946937,0.03651992319985048,0.13493128743856128,0.0054526543399285735,0.0016482750537266057,0.0030194911934009533,0.001107139992170907,0.054418228508316374,0.021384282000062448
benchmark_v2_residual_v2_seed42,hierarchical_residual_pose_transformer_v2,Residual Transformer v2,42,9,6,13,0.9779275040699598,0.9109569860773882,0.986733350980345,0.9434996828772362,8.342329025268555,26.93979835510254,0.09848255811357184,0.31980880602708156,0.03821511296098929,0.1820912845510799,0.03721917267338875,0.12813200583191392,0.006143856198430417,0.003360456428954339,0.0031841525632281494,0.0010092422967464963,0.05488105481490493,0.02086326937311359
benchmark_v2_residual_v2_seed42,hierarchical_residual_pose_transformer_v2,Residual Transformer v2,42,10,6,13,0.9779760811161956,0.9115347381398095,0.9868704858447706,0.9510931963605402,7.808250427246094,25.180355072021484,0.09763236481108163,0.3624500936387067,0.03964631384646054,0.1991172820096014,0.03533880542046207,0.1465439196055755,0.006450261793652795,0.010942054061911772,0.0030823270676620797,0.0008988566778791738,0.05245862545212731,0.0197919474599222
benchmark_v2_residual_v2_seed42,hierarchical_residual_pose_transformer_v2,Residual Transformer v2,42,11,6,13,0.9841720319654521,0.9174375962619149,0.9895766706961845,0.9554802674832528,8.36915111541748,24.74448585510254,0.07900701560129068,0.47428105971372253,0.031292934389830884,0.21051121160885047,0.02365504006015008,0.25322489746976784,0.007954888644741172,0.0038857928232722827,0.003054749879642929,0.0011221054413204734,0.052197611725913654,0.02214825377919741
benchmark_v2_residual_v2_seed42,hierarchical_residual_pose_transformer_v2,Residual Transformer v2,42,12,6,13,0.9832096173364352,0.8937566759314434,0.9895082825095077,0.9354923615907194,9.236684799194336,29.22808074951172,0.07959286232576951,0.44925929422785676,0.03184869534397302,0.24598055976988573,0.026850049904234383,0.1914788867923841,0.0049537425956730444,0.004428845364885955,0.0031347545759911697,0.0013174165200795077,0.05122248009435441,0.024214359736370462
benchmark_v2_residual_v2_seed42,hierarchical_residual_pose_transformer_v2,Residual Transformer v2,42,13,6,13,0.9850643788112358,0.910564603917981,0.9909307552559151,0.9409019474272329,7.663743019104004,23.799346923828125,0.07633839029426638,0.4943291523155612,0.02824594010477181,0.2712414346287328,0.027851663208250676,0.21733043940471106,0.004693716673538449,0.00017641467360695446,0.0030065082406853386,0.0008585312067636198,0.05016224942549965,0.01888932635436856
benchmark_v2_residual_v2_seed42,hierarchical_residual_pose_transformer_v2,Residual Transformer v2,42,14,6,13,0.9843569394831305,0.8716245138912982,0.9896441230409286,0.9193393246956196,7.92762565612793,24.72783088684082,0.07053261241262877,0.5820288099906857,0.029149164361404377,0.3556225074037229,0.022997375049808876,0.204800701059709,0.0032915061535347353,0.015114093074313904,0.002892533984114906,0.0009928534967208003,0.048808132027962095,0.021994629540600844
benchmark_v2_residual_v2_seed42,hierarchical_residual_pose_transformer_v2,Residual Transformer v2,42,15,6,13,0.9889778999090156,0.9072113558422691,0.9932991384382479,0.9496570638699344,9.218222618103027,28.185693740844727,0.06404491992992055,0.6206360027819697,0.024567345493889756,0.25339550302026276,0.021007741342462777,0.35281025644012554,0.004065880988388035,0.007421146695475251,0.002799671758412411,0.0010901693575790213,0.046417121417256756,0.023675723061446222
benchmark_v2_residual_v2_seed42,hierarchical_residual_pose_transformer_v2,Residual Transformer v2,42,16,6,13,0.9884923336046815,0.9013662712577039,0.992415991662962,0.936286036398776,7.9643330574035645,25.694568634033203,0.05464639629850066,0.5066404179131114,0.022427366112763258,0.2933851853283357,0.014762629480205042,0.1944265503929408,0.002975986826029938,0.012366169693228743,0.002741499923420059,0.0009733162807840986,0.046955656933990356,0.0219568174272295
benchmark_v2_residual_v2_seed42,hierarchical_residual_pose_transformer_v2,Residual Transformer v2,42,17,6,13,0.9882735316965044,0.9000549691232674,0.9928232476506038,0.9431740324637732,10.844276428222656,34.68916702270508,0.05443996411870773,0.5383097547725532,0.02262025276584609,0.25034285510001875,0.016377110243882175,0.27406380674777886,0.001499992168595629,0.006125320696591025,0.0027691109444123486,0.0012082642433890742,0.04469399220567491,0.026278016998642875
benchmark_v2_residual_v2_seed42,hierarchical_residual_pose_transformer_v2,Residual Transformer v2,42,18,6,13,0.9898053141827505,0.9093135422258977,0.9931631552436371,0.9456785465244013,7.9734883308410645,23.67714500427246,0.05420265779847365,0.5514352892411565,0.021008331084395697,0.26722559963023823,0.015028039240440098,0.2609854107251378,0.004552339671468748,0.01751440209528939,0.002658636203965503,0.000994509058434614,0.043821246015692226,0.018861501763064052
benchmark_v2_residual_v2_seed42,hierarchical_residual_pose_transformer_v2,Residual Transformer v2,42,19,6,13,0.9886663279288502,0.9230119640630524,0.9922854067921902,0.9514427944276367,8.041849136352539,24.95100975036621,0.06168598032348152,0.45598371988430775,0.022448177794710655,0.22833760210900503,0.01760106810385453,0.2149124362417999,0.008064709947667342,0.006675202356197061,0.002576367239721309,0.0010167392437353791,0.043982627936883976,0.02016697769173451
benchmark_v2_residual_v2_seed42,hierarchical_residual_pose_transformer_v2,Residual Transformer v2,42,20,6,13,0.9910615369554018,0.9067223446385325,0.9948537086284385,0.9356696722018283,8.206016540527344,26.10228729248047,0.05135554538181934,0.6746976213867,0.017446474799665004,0.37015348203801074,0.018472352985933964,0.2739156870817183,0.002176375581103505,0.023890657611439298,0.002650165822170062,0.001025943893241234,0.04244070257084738,0.02284741396039364
benchmark_v2_residual_v2_seed43,hierarchical_residual_pose_transformer_v2,Residual Transformer v2,43,1,16,9,0.8553896136697302,0.9052428861065275,0.9151525161299039,0.9479301874910142,9.466121673583984,28.441770553588867,0.5758720416771738,0.24801358973772655,0.2151867995450371,0.1404429673059513,0.24458492639425553,0.09293073211466113,0.09378560684939945,0.006828499427008923,0.003887375668931973,0.0011616667590363162,0.07370932980268997,0.02659888934689544
benchmark_v2_residual_v2_seed43,hierarchical_residual_pose_transformer_v2,Residual Transformer v2,43,2,16,9,0.9289585188518626,0.9034458224284428,0.9572062356985707,0.9343716512602844,10.158544540405273,32.0433235168457,0.30582858983623357,0.2781272654528654,0.12410179052894053,0.18430453155193507,0.12130050174940965,0.08096767031970704,0.0401862036994977,0.004927413301747067,0.00362988323443508,0.0011748511634293883,0.06644084194920173,0.027011196820005294
benchmark_v2_residual_v2_seed43,hierarchical_residual_pose_transformer_v2,Residual Transformer v2,43,3,16,9,0.9436307206186606,0.9004352304818469,0.9658994472607753,0.9421107283044003,10.684672355651855,31.423664093017578,0.2330665072347773,0.3065013952831167,0.09795062733814121,0.15578920338884927,0.09254351618993831,0.13154683844374132,0.02462093458158626,0.011314576465602225,0.0032657510374012513,0.001227690238832316,0.058742710562349344,0.026492338131872878
benchmark_v2_residual_v2_seed43,hierarchical_residual_pose_transformer_v2,Residual Transformer v2,43,4,16,9,0.9511478350864415,0.8960611295391846,0.9719738205076861,0.9302329285831317,10.78982162475586,32.91593933105469,0.19749873978134833,0.3348784789437383,0.08106161823839342,0.2014342747119841,0.08252950435124436,0.11788703954094203,0.015780041269731315,0.0070941661925908485,0.0033885038448773375,0.0013544273097068071,0.0589562868057309,0.028434295657901995
benchmark_v2_residual_v2_seed43,hierarchical_residual_pose_transformer_v2,Residual Transformer v2,43,5,16,9,0.9623314796303092,0.9138740597629139,0.9758265184096946,0.9412010021579122,8.815340995788574,26.99446678161621,0.15798103224093976,0.25633633126562927,0.06878925869314882,0.16367360033543646,0.05974178453257896,0.08253577800062503,0.011599309294588717,0.0034368182447994306,0.0032397923493063946,0.001027625541140761,0.05844354927711385,0.02265004737813386
benchmark_v2_residual_v2_seed43,hierarchical_residual_pose_transformer_v2,Residual Transformer v2,43,6,16,9,0.9646229559064657,0.9110824452755882,0.9785427455194449,0.9410641772045473,11.744804382324219,33.36149215698242,0.1437497380817015,0.3160497487429717,0.061218485507599424,0.17616910615071257,0.05527511398035322,0.12376100905666751,0.009001490108478864,0.008005725830791503,0.0034492648955385544,0.0014439411160926665,0.05922153507555394,0.02667987517892353
benchmark_v2_residual_v2_seed43,hierarchical_residual_pose_transformer_v2,Residual Transformer v2,43,7,16,9,0.9717480686110399,0.9071465871293037,0.9821987213056487,0.9428027463935078,9.432903289794922,30.011674880981445,0.1244693753535026,0.3667424883411337,0.0538610299514288,0.16533759801231715,0.04593066252259489,0.17550845202030388,0.006629129973061936,0.01837162875085596,0.0034379742984157547,0.0012102043737315634,0.058442312240306486,0.025258378944389762
benchmark_v2_residual_v2_seed43,hierarchical_residual_pose_transformer_v2,Residual Transformer v2,43,8,16,9,0.9739048502935951,0.9245157363863982,0.9836263218990231,0.9535345349048903,8.460322380065918,26.48892593383789,0.10874652816227784,0.3561098227848209,0.04679107431536785,0.1774897556046668,0.039596560967788956,0.12817590795845218,0.005271825546935456,0.044040831260681736,0.0032571485246023113,0.0010052165199604427,0.055319675740687864,0.021592437717763167
benchmark_v2_residual_v2_seed43,hierarchical_residual_pose_transformer_v2,Residual Transformer v2,43,9,16,9,0.9772896904875807,0.9169151950234661,0.9855156333050874,0.9437266122774118,7.647524833679199,24.585481643676758,0.10158417453646268,0.30380715472464576,0.043283072931777786,0.19824008567018375,0.033965743834491344,0.08612615504474772,0.007401896153644549,0.0133337009584253,0.0032580033262370545,0.0009271780192149538,0.054701833482096465,0.020720167340891014
benchmark_v2_residual_v2_seed43,hierarchical_residual_pose_transformer_v2,Residual Transformer v2,43,10,16,9,0.977497938532416,0.9265788206890911,0.9847013708357254,0.956198353695858,9.3325777053833,29.74691390991211,0.09321757494496476,0.45979898037166417,0.04253532219555621,0.15593307232138026,0.030131151103479695,0.18792450382324893,0.003542083669599857,0.10850293960719858,0.00339330378325509,0.0011383473296694819,0.054462860287902384,0.02520049555647758
benchmark_v2_residual_v2_seed43,hierarchical_residual_pose_transformer_v2,Residual Transformer v2,43,11,16,9,0.9804484047959435,0.9237623839370421,0.9865913463177826,0.9519238065427919,8.388224601745605,25.8780517578125,0.08828929024160301,0.4086108253975967,0.04008696042506735,0.19081461067960317,0.029291914139116432,0.17116038707001552,0.002611615541031106,0.040236663774878376,0.0030500981787056508,0.0010930265492671396,0.052994807708616316,0.021224553388873895
benchmark_v2_residual_v2_seed43,hierarchical_residual_pose_transformer_v2,Residual Transformer v2,43,12,16,9,0.9831532941119029,0.9205313729324005,0.9893700427545581,0.948542026019246,8.255804061889648,27.50568962097168,0.07347741317959797,0.4471251179117732,0.03255610120853434,0.19215401572288218,0.024293315201700208,0.22600557613051545,0.0003748734937485814,0.022175841656774303,0.003204446993205286,0.0009901175417912928,0.05219470498176586,0.02319822926825333
benchmark_v2_residual_v2_seed43,hierarchical_residual_pose_transformer_v2,Residual Transformer v2,43,13,16,9,0.9845697723746171,0.9058346880567086,0.9890327417909296,0.9446594825009285,8.248494148254395,29.04424476623535,0.07182748436266066,0.4552466699113856,0.03314119601242342,0.24950157661175082,0.02006973664308469,0.1685305095663642,0.0028770815344220362,0.029665470750728673,0.0030508612760528,0.001021812773439207,0.05075443508458863,0.026109244527986214
benchmark_v2_residual_v2_seed43,hierarchical_residual_pose_transformer_v2,Residual Transformer v2,43,14,16,9,0.9851755571817232,0.9108464112938875,0.9904554939539884,0.9341459778151241,9.322797775268555,30.474367141723633,0.06934605864526115,0.4856345466485495,0.028530856226080734,0.2781813695696802,0.02308339169975529,0.14047951406813985,0.003189756099260601,0.05957160532529502,0.002765127910625827,0.0010907238868258578,0.0471077074052913,0.025245283159517472
benchmark_v2_residual_v2_seed43,hierarchical_residual_pose_transformer_v2,Residual Transformer v2,43,15,16,9,0.9857063128431718,0.9173205070930931,0.9899805295373925,0.9486718565699457,8.94924545288086,29.402578353881836,0.06268910959375237,0.46264210753719043,0.030016100960109676,0.21090113989855802,0.015155428827670939,0.21640326864722292,0.002859554344003611,0.028611245618754645,0.002813960546972291,0.0009739273732374122,0.04737625919404979,0.023010115687464996
benchmark_v2_residual_v2_seed43,hierarchical_residual_pose_transformer_v2,Residual Transformer v2,43,16,16,9,0.9854116644553755,0.930793056491234,0.9903201108895059,0.9549529538666027,8.223309516906738,26.030593872070312,0.06924766648952899,0.44928814689334223,0.02911916488888796,0.2110023816932235,0.021891585655150363,0.16644545334241911,0.003740662400812512,0.06530564439561069,0.0027635866640239805,0.0011522267686227532,0.04693066505237335,0.021529802241392674
benchmark_v2_residual_v2_seed43,hierarchical_residual_pose_transformer_v2,Residual Transformer v2,43,17,16,9,0.9896946920699362,0.9076855244373444,0.9928245367636588,0.9461543195848956,9.333660125732422,29.667922973632812,0.050987748373667464,0.5009325997112507,0.022541621660110603,0.24411680571659916,0.013261290800655842,0.2183871914456808,0.0007943048521881517,0.031410397593467844,0.002815665985184942,0.0011734867142466452,0.04629945936392209,0.023378889406881025
benchmark_v2_residual_v2_seed43,hierarchical_residual_pose_transformer_v2,Residual Transformer v2,43,18,16,9,0.9900692704555182,0.9167679341353049,0.9929592910262758,0.9442879675529519,8.642393112182617,26.762557983398438,0.04818309586973077,0.5107456373902418,0.02440188416554041,0.24052394066699978,0.009179147213548946,0.19965910025226724,0.0009370563019204668,0.06378073031583328,0.002623032448291748,0.0012196517130383477,0.04416790298847972,0.02224887697581923
benchmark_v2_residual_v2_seed43,hierarchical_residual_pose_transformer_v2,Residual Transformer v2,43,19,16,9,0.9880774477811899,0.9190989996392025,0.9926193011390945,0.9496983849851056,8.960025787353516,27.913339614868164,0.06443757123690662,0.5956003828935448,0.023236809636965564,0.2550835131004269,0.022361329579684456,0.15721868926141658,0.00551363754251735,0.1765832646449289,0.0026311206694433504,0.0010265762245962246,0.042778694256466174,0.022753384576419428
benchmark_v2_residual_v2_seed43,hierarchical_residual_pose_transformer_v2,Residual Transformer v2,43,20,16,9,0.9901474305662359,0.9244669591665756,0.9932309984245682,0.9554802674832528,8.397711753845215,22.553876876831055,0.05254641991433393,0.5209354177871964,0.019803032267748343,0.2379693697316138,0.014701798804190659,0.25512476624493524,0.004296000428132884,0.022115542783295944,0.002679795117533343,0.001094065925445325,0.044263172448171594,0.018526669941850066
benchmark_v2_residual_v2_seed44,hierarchical_residual_pose_transformer_v2,Residual Transformer v2,44,1,7,10,0.8529353696170497,0.8656248811062252,0.9179043730291206,0.9160090830480234,8.21897029876709,24.120731353759766,0.5764478421524951,0.3246573543311247,0.20874601795877282,0.23049720619700007,0.257719924453842,0.08329257266145319,0.08757965521347758,0.003898061136902881,0.003836207965612534,0.001095312952921015,0.07426414154500602,0.023496807839218228
benchmark_v2_residual_v2_seed44,hierarchical_residual_pose_transformer_v2,Residual Transformer v2,44,2,7,10,0.9229786300180002,0.8686694340837419,0.9535898423461696,0.925082957879444,8.97698974609375,27.32280158996582,0.3037049850939136,0.3072914644557562,0.12921931975766232,0.18213811253888473,0.1286267642034708,0.11553296663295178,0.02628005891232629,0.002075785807861511,0.0035303896441090683,0.0011163532119920297,0.06419381246632455,0.025712965995133404
benchmark_v2_residual_v2_seed44,hierarchical_residual_pose_transformer_v2,Residual Transformer v2,44,3,7,10,0.9412949445663131,0.8769163426372577,0.9645867241795717,0.9283728790177956,8.227160453796387,24.935131072998047,0.24468891176150034,0.27982313336519105,0.09456661982559844,0.1716736227240143,0.09503463028758569,0.10117900161910051,0.035263898373661125,0.0006023196528399092,0.0035825220682646,0.001004001496297743,0.06496496401286046,0.02145674954649181
benchmark_v2_residual_v2_seed44,hierarchical_residual_pose_transformer_v2,Residual Transformer v2,44,4,7,10,0.9527539550567542,0.8921962163363021,0.9725824700143044,0.9288506270832834,9.281485557556152,27.356660842895508,0.20025164723004166,0.31694449461652,0.07962959228279559,0.18868872798456351,0.07939115672268121,0.11977439451983364,0.022385684976899554,0.0013731835921545657,0.0035933166297112814,0.0011681953450709943,0.061007590708812995,0.023759971432868513
benchmark_v2_residual_v2_seed44,hierarchical_residual_pose_transformer_v2,Residual Transformer v2,44,5,7,10,0.9602416440243288,0.9023402194430231,0.9753663408446147,0.9390834332784798,8.43020248413086,28.30711555480957,0.17070172588095853,0.33996879652817547,0.06877914703279538,0.15494509726258618,0.06127763210961252,0.128743611433463,0.022963078960954016,0.04885317117153928,0.003344553849184242,0.0011238420880662517,0.05734925611606358,0.025212292506870244
benchmark_v2_residual_v2_seed44,hierarchical_residual_pose_transformer_v2,Residual Transformer v2,44,6,7,10,0.966883111832808,0.9058553643412436,0.980644118307239,0.9461543195848956,8.35161018371582,30.900001525878906,0.13561940294151242,0.3127918584082621,0.05516190410763221,0.16028321327640668,0.05216106361236215,0.1388718366827473,0.009841555701484475,0.006826625303464454,0.0034791029319029276,0.0009267074598145912,0.05990310584538077,0.023533916416307612
benchmark_v2_residual_v2_seed44,hierarchical_residual_pose_transformer_v2,Residual Transformer v2,44,7,7,10,0.9721294712606844,0.9110362029667077,0.9824005959038775,0.9456393480409757,9.38381290435791,28.985658645629883,0.12132452378637697,0.3724128507015379,0.0522491596028895,0.19792502875351337,0.041004651466072045,0.15954027809256802,0.01044825650335138,0.008138270062215357,0.0033603579358513296,0.0011414952256722421,0.05704839381315795,0.02267113415103766
benchmark_v2_residual_v2_seed44,hierarchical_residual_pose_transformer_v2,Residual Transformer v2,44,8,7,10,0.9768509942484173,0.89645558693804,0.9858492925840934,0.9400592740444738,7.8420562744140625,25.64309310913086,0.11617090742986061,0.4032242501353692,0.04410232117840726,0.2054539745126784,0.038644605849894056,0.18779529308381648,0.015737443462777792,0.004013377198673645,0.0034232800512491897,0.0008818430302903101,0.05705302528742897,0.02031904858567061
benchmark_v2_residual_v2_seed44,hierarchical_residual_pose_transformer_v2,Residual Transformer v2,44,9,7,10,0.9757243176465481,0.8798244460171872,0.9856516426436865,0.9287461532391699,7.750840663909912,26.775920867919922,0.1115803487598896,0.49520915991959025,0.042705933457994096,0.27385609219398305,0.04469856208452257,0.18827465905416185,0.007025090144428472,0.026802406252443234,0.0033306719659977765,0.0009033073473244346,0.05528036405307878,0.021490777820168484
benchmark_v2_residual_v2_seed44,hierarchical_residual_pose_transformer_v2,Residual Transformer v2,44,10,7,10,0.9784521912575727,0.8808214754004476,0.9860546063395733,0.9342487689890753,7.511999607086182,25.811077117919922,0.08911684724624808,0.596997181621543,0.040071063705131804,0.2693118666191426,0.027336292169868676,0.294767225141692,0.005485250690783352,0.026991713046232147,0.0031507908413761086,0.0008853753479049755,0.05229379938474219,0.020164018594509652
benchmark_v2_residual_v2_seed44,hierarchical_residual_pose_transformer_v2,Residual Transformer v2,44,11,7,10,0.9803902506234087,0.8877977273213041,0.9873382706777123,0.9471676093928816,8.524054527282715,29.704648971557617,0.087510272329183,0.5489161390390608,0.039772923297285545,0.2187980160513161,0.02468668931825002,0.3092785351081186,0.007270115223199546,0.013724647033674429,0.003202641696460839,0.0009994625950404893,0.05031161069673927,0.024461930805456736
benchmark_v2_residual_v2_seed44,hierarchical_residual_pose_transformer_v2,Residual Transformer v2,44,12,7,10,0.9814090630749477,0.9024258402575236,0.9882888398693681,0.9395857131512556,8.564720153808594,26.832557678222656,0.08445867650553976,0.4793709481041186,0.03567607081286903,0.22508690476461785,0.0267881456874602,0.21282760292297787,0.006057227907129489,0.03500277410351817,0.003143572424788114,0.0010757952824215248,0.05117463849730006,0.021511473554006268
benchmark_v2_residual_v2_seed44,hierarchical_residual_pose_transformer_v2,Residual Transformer v2,44,13,7,10,0.9849750065322569,0.8951105198929126,0.9903183725714667,0.940756532003735,9.120475769042969,31.036474227905273,0.07230892494492429,0.5338504402685401,0.03143341529109564,0.2554213419838884,0.023293149583446634,0.2349776395559848,0.0014277484427895472,0.035728614264286425,0.0031176982688454077,0.0010580215249877168,0.0521476542099232,0.026659284260184053
benchmark_v2_residual_v2_seed44,hierarchical_residual_pose_transformer_v2,Residual Transformer v2,44,14,7,10,0.9867765810273535,0.903466101205941,0.9914687595016229,0.9434944189746322,8.776583671569824,24.254148483276367,0.06730595091897014,0.5080931467849026,0.025862853926725955,0.26445230288419636,0.021643840339088696,0.21725087537018775,0.0044072193018830095,0.020899803735949768,0.0030891458756320245,0.0010377995533945655,0.04921156618597084,0.0178094984430279
benchmark_v2_residual_v2_seed44,hierarchical_residual_pose_transformer_v2,Residual Transformer v2,44,15,7,10,0.9878625019945613,0.9029824079835477,0.9916735682308224,0.9347723376159105,7.706368923187256,25.42452621459961,0.06175734560507791,0.5298495408679011,0.026009586687976385,0.34009084069642875,0.014641940027136834,0.15845313664246694,0.006598281950820841,0.02571795870161299,0.0028852253079802675,0.000846262301849727,0.04648924782529081,0.01896537838488697
benchmark_v2_residual_v2_seed44,hierarchical_residual_pose_transformer_v2,Residual Transformer v2,44,16,7,10,0.9884458787994334,0.8861487066211854,0.9924176980282969,0.9381201472829507,8.291197776794434,28.92694854736328,0.05752282570900494,0.6187978490069429,0.02497708926258431,0.31278933899440536,0.01614191208592226,0.27894822949146064,0.0018307745950252902,0.020165284059507474,0.003030491866346366,0.0008916966934550381,0.04617022977749768,0.024013183470214566
benchmark_v2_residual_v2_seed44,hierarchical_residual_pose_transformer_v2,Residual Transformer v2,44,17,7,10,0.9885493083802664,0.8983823264556992,0.9922179083151995,0.944374435152302,8.639993667602539,27.547809600830078,0.05899743764661253,0.5658832036989012,0.02456697210409115,0.2923939097101076,0.01650012678470806,0.22504986743398298,0.004082297317824226,0.04160682000433899,0.0028159180614908876,0.000977536997080249,0.04412849360219154,0.023420312898158425
benchmark_v2_mlp_v1_seed42,hierarchical_window_mlp,MLP,42,1,4,8,0.8417803768680961,0.9027032362666949,0.9107359849841052,0.9450477324896946,18.57537269592285,45.6884765625,0.60214727495846,0.249593315991543,0.24865378302178884,0.15842325675992236,0.2833779579322589,0.07874455292438788,,,0.018085463272505684,0.0028593395836651325,0.2081202771436227,0.03826466719469716
benchmark_v2_mlp_v1_seed42,hierarchical_window_mlp,MLP,42,2,4,8,0.9098598768843885,0.8873537281509131,0.9459850909035821,0.9443220318079393,16.789764404296875,33.94947814941406,0.340214053925715,0.3100487607974379,0.14536184551292344,0.16951799771237758,0.14536199613817427,0.1306469321322267,,,0.013463756975864893,0.002427372589497076,0.14410581629135108,0.029825823229452174
benchmark_v2_mlp_v1_seed42,hierarchical_window_mlp,MLP,42,3,4,8,0.92167932765794,0.90771040869432,0.951569450550169,0.9515511666420287,18.126121520996094,39.1617546081543,0.2862008993406045,0.23724341166446045,0.12407046736855255,0.14508999961300664,0.12070184822635431,0.07855368494957445,,,0.011181145591146656,0.0029648777638231556,0.12098974814932598,0.042539410730598554
benchmark_v2_mlp_v1_seed42,hierarchical_window_mlp,MLP,42,4,4,8,0.9313853856446914,0.9166177199904219,0.9564006917373027,0.9445174908049241,18.424793243408203,41.64834213256836,0.24717258480426513,0.23675189000383515,0.1127453827505049,0.15726522282901925,0.09753520973100278,0.06353439857118628,,,0.009429605589922223,0.0032230478583744936,0.10984954665169903,0.050916881983979576
benchmark_v2_mlp_v1_seed42,hierarchical_window_mlp,MLP,42,5,4,8,0.93838665214362,0.8877768806552244,0.9609708984919241,0.9329586347226166,17.500667572021484,39.10733413696289,0.2225406642297381,0.28430839017927345,0.09832481067235532,0.1715243656597581,0.08906592287245746,0.10006469721044978,,,0.008807446527735968,0.00289568726551689,0.10536993564743745,0.039294568181503564
benchmark_v2_mlp_v1_seed42,hierarchical_window_mlp,MLP,42,6,4,8,0.9447074739586423,0.8989232995689025,0.9671562887918952,0.9523201710937226,17.178955078125,35.664859771728516,0.20654376558567347,0.3498240045812582,0.08958227085047647,0.18091531350716739,0.08368373319950861,0.15857282501805928,,,0.007991938129631115,0.0024675210494728337,0.10114329258666227,0.03147336718581256
benchmark_v2_mlp_v1_seed42,hierarchical_window_mlp,MLP,42,7,4,8,0.9491338410860749,0.9140232579926403,0.9679391831894759,0.9513252879503091,16.837383270263672,34.24584197998047,0.1940481343355618,0.25850898772548514,0.0858809787625643,0.15714334325668694,0.07523532318392474,0.0910888059567491,,,0.00777711674154393,0.0024268117417851763,0.10061886466843517,0.03140011169917641
benchmark_v2_mlp_v1_seed42,hierarchical_window_mlp,MLP,42,8,4,8,0.9561373799841654,0.9076242361825777,0.9724764456413872,0.9377276522762845,14.966355323791504,34.00457763671875,0.16799965163202663,0.26257872101820295,0.07276579141126652,0.18626916028346563,0.06434182504424825,0.06724983383525884,,,0.007189488429882515,0.002177686883970314,0.09481018568144033,0.027528164391931627
benchmark_v2_mlp_v1_seed42,hierarchical_window_mlp,MLP,42,9,4,8,0.9578879411149807,0.8884814707809615,0.9727433461080477,0.9428915250792242,18.719600677490234,38.45399856567383,0.15745394331256027,0.36313416475088395,0.0717509552772696,0.18127691420288042,0.054940243295491915,0.16957652718302862,,,0.00726100699645222,0.003159148583842081,0.09400695229047223,0.03648628977562992
benchmark_v2_mlp_v1_seed42,hierarchical_window_mlp,MLP,42,10,4,8,0.9624280079863845,0.895772607365099,0.976339911850945,0.9379190103990451,19.136873245239258,46.96966552734375,0.14689136716880297,0.32534776165301726,0.06265487112448012,0.19471288326002972,0.05529743352191106,0.112354848709724,,,0.0070289764139115024,0.003564237378492591,0.08764034447505285,0.058863188590734236
benchmark_v2_mlp_v1_seed42,hierarchical_window_mlp,MLP,42,11,4,8,0.9630250552620275,0.9095959574781344,0.976597989460685,0.9434996828772362,15.253767013549805,34.40519714355469,0.14634403020731712,0.3258812626465383,0.06166140151210129,0.2123004265578211,0.05531284137201606,0.10185826412904839,,,0.006998242587800824,0.002409795403382891,0.08948617786757256,0.0372511267759687
benchmark_v2_mlp_v1_seed42,hierarchical_window_mlp,MLP,42,12,4,8,0.9670171608369644,0.9119364159002439,0.9782289097846776,0.9406410108864923,15.125732421875,32.456329345703125,0.12771214213026197,0.307860185967295,0.056859950537327675,0.20580109829801763,0.041700749565474995,0.09318376222783568,,,0.0068757444654444335,0.0021981830922736516,0.08910278994197908,0.026708555988021073
benchmark_v2_mlp_v1_seed42,hierarchical_window_mlp,MLP,42,13,4,8,0.9653342067170073,0.8986962804689204,0.9776050946054604,0.9308030670589382,17.779104232788086,33.45155715942383,0.12730803411453961,0.3427063189539636,0.057632761560503,0.23203802489631692,0.04176916251037925,0.10097056674034056,,,0.006585244976204673,0.00272244794835006,0.08528345870932466,0.027901112041886774
benchmark_v2_mlp_v1_seed42,hierarchical_window_mlp,MLP,42,14,4,8,0.9716909605744188,0.8965662385195979,0.9808560888142993,0.928098873137041,17.086671829223633,39.04554748535156,0.11603522439830398,0.375756329030405,0.05156440370924477,0.25326839614893787,0.036619863399948945,0.11031947187337121,,,0.006395556907610673,0.0027123388680329007,0.08582160137887848,0.03782448275465398
benchmark_v2_mlp_v1_seed42,hierarchical_window_mlp,MLP,42,15,4,8,0.9723303359109972,0.9099550503266602,0.9820705440194775,0.9403276710294254,16.832660675048828,35.548072814941406,0.11656293095530648,0.36160368982288466,0.048378845445542155,0.2507470659162913,0.04175203677796066,0.10033054656916955,,,0.006341053921925394,0.002583212754313624,0.08036397922195887,0.03177146262849771
benchmark_v2_mlp_v1_seed43,hierarchical_window_mlp,MLP,43,1,18,4,0.8338948578041231,0.8933643141911055,0.9067746096758447,0.938427628717476,14.939326286315918,54.711669921875,0.6110671191152773,0.2725804959153456,0.2511977711163069,0.16349087174110596,0.29031072924795903,0.08923149918536505,,,0.01569349980128831,0.0020654592456506387,0.2154604818554301,0.07117067148248034
benchmark_v2_mlp_v1_seed43,hierarchical_window_mlp,MLP,43,2,18,4,0.90737327089257,0.8779464285526832,0.9467084210983874,0.9335643106464007,14.365549087524414,34.61231231689453,0.34632566015971333,0.2992390571875618,0.14302155032557876,0.19042298571401906,0.1542772145836467,0.09896567045530726,,,0.011409033477049026,0.002136634854269364,0.1504714426437491,0.030855056653249887
benchmark_v2_mlp_v1_seed43,hierarchical_window_mlp,MLP,43,3,18,4,0.9225618754962029,0.9128275929812898,0.9539732567041846,0.9448741634800624,15.022439002990723,33.688720703125,0.2855885659785647,0.23397942288823786,0.1216795961911741,0.1543106736217235,0.12139656618531597,0.06996493880926151,,,0.010229822832441546,0.002238536619716474,0.1291303195294581,0.029861093033105135
benchmark_v2_mlp_v1_seed43,hierarchical_window_mlp,MLP,43,4,18,4,0.9297817002028889,0.8935554443591635,0.9585709737839939,0.9480513708385438,13.835247993469238,41.62990951538086,0.26092868524946666,0.2965272368953353,0.10946926617308667,0.17486970194130985,0.11023773693357056,0.108827086516671,,,0.009581655524425994,0.0019095273056600785,0.1265601095341538,0.04368367325514555
benchmark_v2_mlp_v1_seed43,hierarchical_window_mlp,MLP,43,5,18,4,0.9383810285703666,0.9005001948120226,0.9626113379865398,0.9336637923250695,14.918006896972656,38.887874603271484,0.2247141035763841,0.29841130143153527,0.09868387786230366,0.1980383445695606,0.08836607564596068,0.0885685954821266,,,0.008846761457818118,0.0023288797228522,0.1152695537397736,0.03790192878354461
benchmark_v2_mlp_v1_seed43,hierarchical_window_mlp,MLP,43,6,18,4,0.9456100587685028,0.8712394124860587,0.9666444460437824,0.9360878872329255,15.494185447692871,35.520626068115234,0.20463821138598418,0.3466561879857533,0.08863243769511188,0.18119768641847786,0.07930316206741785,0.1562886790164949,,,0.008420343625552242,0.0022714000454382792,0.11312907264224793,0.027593702919060183
benchmark_v2_mlp_v1_seed43,hierarchical_window_mlp,MLP,43,7,18,4,0.9488803704168949,0.8824734490869828,0.9688396823046526,0.9327673675562884,14.17241096496582,32.1765251159668,0.19613574758956306,0.3901406539225718,0.08487735294859464,0.23876555766952562,0.07587353953442193,0.14185637313018942,,,0.00847978192687917,0.0020349373409126494,0.10762029333726356,0.029935154770951596
benchmark_v2_mlp_v1_seed43,hierarchical_window_mlp,MLP,43,8,18,4,0.9546704035006122,0.9110548649334778,0.9708495835547607,0.9458931248661384,16.647937774658203,40.195377349853516,0.17721398464943233,0.2301812049807913,0.07854399336305888,0.16138672746338642,0.06358456342052178,0.05702571631474946,,,0.008508766851338901,0.0029317016519452145,0.1063066441710352,0.035348220638209776
benchmark_v2_mlp_v1_seed43,hierarchical_window_mlp,MLP,43,9,18,4,0.9577380398397627,0.9100525825251303,0.9742347070991855,0.937277452861518,16.304214477539062,41.04234313964844,0.17194556600561267,0.2678210732652411,0.0711660317973675,0.19515697842049826,0.06666525081437277,0.05914874742988867,,,0.007827030759225109,0.0024740356133289396,0.1051490096767482,0.044165242553478284
benchmark_v2_mlp_v1_seed43,hierarchical_window_mlp,MLP,43,10,18,4,0.9601420933042756,0.9156219829620186,0.9745644172985749,0.9409713560386193,17.333763122558594,37.49248123168945,0.15382296139668478,0.2732819223733273,0.06632003999952422,0.20700332553068648,0.05490645564093843,0.053379634524389985,,,0.00772901938272346,0.002690182982816271,0.0994697850726937,0.04083512101938287
benchmark_v2_mlp_v1_seed43,hierarchical_window_mlp,MLP,43,11,18,4,0.9610643957983956,0.9085772594955185,0.9756424623291251,0.9411458582501864,15.689523696899414,45.885597229003906,0.16067461765910449,0.3442358294366474,0.06524257132832549,0.2351796479934203,0.0611826565159304,0.09268125303089854,,,0.007304644622889004,0.0022298256930474553,0.10777898004180507,0.0565803982242341
benchmark_v2_mlp_v1_seed43,hierarchical_window_mlp,MLP,43,12,18,4,0.9656969087703997,0.9036491412401858,0.9785513584084438,0.9373343816260066,18.255380630493164,38.83509826660156,0.1408886352259862,0.3352133657845702,0.05652140894316529,0.22742597529319145,0.05223246321234527,0.09586776057943597,,,0.007387479051187831,0.0027232997761588666,0.09898913738170736,0.03678531764495757
benchmark_v2_mlp_v1_seed43,hierarchical_window_mlp,MLP,43,13,18,4,0.9650393543721765,0.8993099555127108,0.9794277514458407,0.9341145203308474,18.45584487915039,43.91680145263672,0.14153695839800332,0.2985406249712058,0.05483569253530157,0.21146497037027015,0.056100837443786744,0.07342401786929494,,,0.007067037143033782,0.0029536208678637784,0.09413356462885675,0.04279204485036673
benchmark_v2_mlp_v1_seed43,hierarchical_window_mlp,MLP,43,14,18,4,0.96604956792024,0.9064994147087496,0.9790254536723022,0.9447861965491373,16.51005744934082,37.632568359375,0.13565747659065222,0.3438441428799941,0.05403514227302941,0.23311678121254156,0.05193118666693121,0.0995781190587525,,,0.00719228985731637,0.002461530480368604,0.0899954297609235,0.03475084873066554
benchmark_v2_mlp_v1_seed43,hierarchical_window_mlp,MLP,43,15,18,4,0.9675613056036713,0.899873106589855,0.9803123014011306,0.9380839751044021,15.856164932250977,42.236629486083984,0.13238172949144714,0.30394987203415497,0.04976420688442886,0.20531406857310597,0.052395438648496856,0.08503652867479573,,,0.006983334525292249,0.002429610762074815,0.09295499679975604,0.04467865217837595
benchmark_v2_mlp_v1_seed43,hierarchical_window_mlp,MLP,43,16,18,4,0.9713560575633355,0.9165227297370887,0.9817367026265289,0.9427602311899477,14.835039138793945,32.95156478881836,0.11982035747484157,0.3008445879172101,0.04833450349991357,0.2195449634527904,0.04141214004336354,0.0715210404875301,,,0.006985592915474339,0.002287612696583833,0.09235248346273836,0.029963886387826454
benchmark_v2_mlp_v1_seed43,hierarchical_window_mlp,MLP,43,17,18,4,0.9708696848878967,0.899417468846805,0.9822762695006027,0.9376792679983408,15.975378036499023,39.05427932739258,0.12050309213760652,0.4004085686857223,0.0475899741301117,0.26864627858037327,0.04287300854404365,0.11843677354596777,,,0.0069899523792494285,0.0023944565074353087,0.09220062897001442,0.04372421349398792
benchmark_v2_mlp_v1_seed43,hierarchical_window_mlp,MLP,43,18,18,4,0.9737278808782786,0.9180091382837788,0.9838912183486487,0.9511712595538122,18.88917350769043,39.7750129699707,0.11127986180939173,0.3286724278908467,0.044039760051711806,0.21517934836442837,0.03627015361411108,0.10064415686257498,,,0.0070869884458921945,0.00297835280164896,0.09553183822255386,0.03948227741620353
benchmark_v2_mlp_v1_seed43,hierarchical_window_mlp,MLP,43,19,18,4,0.9734958596857135,0.8965667633149281,0.9837580269305152,0.9362831776958909,19.997995376586914,39.02090072631836,0.11252835354718722,0.40235589724720594,0.04350747692643812,0.2609059579784175,0.03927425288320688,0.12986016242104098,,,0.006569912848859339,0.003345062706484309,0.09270684277932895,0.03297884729991277
benchmark_v2_mlp_v1_seed43,hierarchical_window_mlp,MLP,43,20,18,4,0.9762467572901795,0.9099510996983331,0.9851722252436192,0.9452955354041903,16.787818908691406,37.10588836669922,0.10186837431043387,0.35259394506970093,0.04118873833856349,0.22899379850850304,0.031773069119739566,0.11131619116746048,,,0.006635990063047135,0.0024193425582075914,0.08908230851159284,0.039458452960506325
benchmark_v2_mlp_v1_seed44,hierarchical_window_mlp,MLP,44,1,5,9,0.8454809906086562,0.8846716418502444,0.9110406682363079,0.9446688555035982,16.536710739135742,37.303531646728516,0.5997842981940822,0.2613259212549536,0.24808467577946813,0.14565322346114104,0.28118039800540395,0.10601166317299489,,,0.017852643111622647,0.0025610627368047472,0.21066632943325922,0.02839987162095044
benchmark_v2_mlp_v1_seed44,hierarchical_window_mlp,MLP,44,2,5,9,0.9111927180408012,0.8975734991993974,0.9489369005988827,0.9308697190252191,15.560147285461426,36.333152770996094,0.34127874353214316,0.27433724037837237,0.14014867747692686,0.18158744508776092,0.15536253423282975,0.08280223960079433,,,0.011823614728882124,0.002158807476066173,0.1357756693092616,0.031154978096545223
benchmark_v2_mlp_v1_seed44,hierarchical_window_mlp,MLP,44,3,5,9,0.9257653534502288,0.8985688173979325,0.9571748559368143,0.9344012204424104,17.285676956176758,37.28789520263672,0.27406149676755853,0.267607167249568,0.11265953039652422,0.18507529930737351,0.12210225290030634,0.07243890497709564,,,0.010710256489753527,0.002451602465307881,0.11435782697051763,0.0305654383489802
benchmark_v2_mlp_v1_seed44,hierarchical_window_mlp,MLP,44,4,5,9,0.9301767424398931,0.9053011440640301,0.9592117783070603,0.9451625847213407,21.833942413330078,42.466156005859375,0.24997734101195085,0.24974679192546906,0.10711670016771868,0.1594734486725722,0.10647314322328097,0.07624772117325788,,,0.009672157958909673,0.0037702631445661666,0.10686135904569374,0.04102143631767361
benchmark_v2_mlp_v1_seed44,hierarchical_window_mlp,MLP,44,5,5,9,0.9408425611766126,0.9108098420819734,0.9631698884593316,0.9412635144809613,18.103256225585938,38.81307601928711,0.21715145200098815,0.23344226885350391,0.09916758748163518,0.16157656115941674,0.08357912751809253,0.060378635717971786,,,0.00904409463419334,0.0027772299569821164,0.10144257167648328,0.03483936647629185
benchmark_v2_mlp_v1_seed44,hierarchical_window_mlp,MLP,44,6,5,9,0.9422704373343683,0.9077489825763133,0.9648293483224167,0.9386373720026644,16.97915267944336,39.44155502319336,0.21193117308381357,0.26213263700135997,0.09197753383483934,0.18147248658210774,0.0861807600945222,0.06942923112587925,,,0.008157228192706641,0.0024848776557783205,0.10246260122150967,0.03498417439479982
benchmark_v2_mlp_v1_seed44,hierarchical_window_mlp,MLP,44,7,5,9,0.9504462190908672,0.902079683718207,0.9695678822268293,0.9417493555808087,16.33120346069336,33.67598342895508,0.18964081759907697,0.2999198932746132,0.08276114278816078,0.20981015987443594,0.07452412615490367,0.08095433023147287,,,0.008075245678008191,0.0022519291866750966,0.0971212125393121,0.027613894570799123
benchmark_v2_mlp_v1_seed44,hierarchical_window_mlp,MLP,44,8,5,9,0.953139760673919,0.9082694934750299,0.9716004348778844,0.9448741634800624,15.833944320678711,32.85881805419922,0.18054464848417984,0.30359371298043464,0.07846165543373086,0.1932078597906624,0.07029950485289048,0.10038092044320482,,,0.007835809538802621,0.0023147765408089807,0.09579071404118288,0.030760622478180354
benchmark_v2_mlp_v1_seed44,hierarchical_window_mlp,MLP,44,9,5,9,0.9602220086068011,0.9032676779111011,0.975184734040653,0.9380325814536341,15.278646469116211,36.48875045776367,0.1570133904975496,0.2721089411082381,0.06773038421071281,0.18006937259985623,0.05799946854303064,0.08068173997188781,,,0.00763022946328611,0.0022252052139881398,0.09461323072643657,0.036530515110503224
benchmark_v2_mlp_v1_seed44,hierarchical_window_mlp,MLP,44,10,5,9,0.961731002056133,0.8944596503329132,0.9749802368120699,0.9327787873154095,16.260498046875,30.470346450805664,0.14740196194107597,0.34083161134537565,0.06568300013675502,0.24156950995083823,0.05248972935625046,0.09049669472501004,,,0.007037603296829681,0.002348903878291528,0.08876651516282245,0.025666000597524427
benchmark_v2_mlp_v1_seed44,hierarchical_window_mlp,MLP,44,11,5,9,0.9665354088902965,0.8921868762150619,0.9786857334961928,0.9265381450838781,16.944957733154297,28.98576545715332,0.13932426084813318,0.32581382775594736,0.058974130910723226,0.24453171878426913,0.050571351495929874,0.07293232187693056,,,0.0067126553198690285,0.0024098326008947144,0.09226449166277521,0.023759819000148244
benchmark_v2_mlp_v1_seed44,hierarchical_window_mlp,MLP,44,12,5,9,0.9663214764686908,0.8795837517586115,0.9799134755388543,0.9237963530806073,18.182472229003906,29.67966079711914,0.14227537177110974,0.39213935820354834,0.05660898370913377,0.28284252549248423,0.05554109284646601,0.10031941965666367,,,0.006974038762579623,0.002752693039515326,0.09260502561534706,0.024898872477933764
benchmark_v2_mlp_v1_seed44,hierarchical_window_mlp,MLP,44,13,5,9,0.9673600221675698,0.8888979828458466,0.9786819347661282,0.9322235067659301,15.85882568359375,30.760648727416992,0.1311440108422386,0.3883502234290767,0.05721688753484111,0.2797935319350443,0.04513513666886291,0.09946356980531017,,,0.00663514940031363,0.0023917809960567545,0.0886273509058121,0.02680535030724
benchmark_v2_mlp_v1_seed44,hierarchical_window_mlp,MLP,44,14,5,9,0.9714299053019447,0.8978867592522617,0.9817285950341349,0.9325800858881964,18.864913940429688,32.04267501831055,0.12204560878833658,0.3940623955434515,0.05131504679576641,0.2728834918019739,0.042856861145191945,0.11188901518562305,,,0.00696861368983886,0.002850373136630702,0.08362034768846474,0.025758062534394763
benchmark_v2_mlp_v1_seed44,hierarchical_window_mlp,MLP,44,15,5,9,0.9717179186803286,0.8867181081018648,0.9815243434639778,0.9269859308853471,18.957111358642578,30.98516082763672,0.12342855650637495,0.4047011098258325,0.051325975127861294,0.26497052832740836,0.043952696467459695,0.1298604389513446,,,0.007104381298597313,0.0030258275688655914,0.08418201540351698,0.02737726427468231
benchmark_v2_mlp_v1_seed44,hierarchical_window_mlp,MLP,44,16,5,9,0.9734531516601882,0.8918387951631538,0.9832045636485647,0.9306205380249036,19.110654830932617,34.0079231262207,0.11404069342111287,0.43507178356383286,0.04670117492076794,0.28470733649338664,0.03924401265545672,0.1408933189557542,,,0.006372888220081988,0.0029455167729587803,0.08689046979048534,0.026102450939135685
