model_type,model,epoch,seed_count,train_loss_total_mean,train_loss_total_std,validation_loss_total_mean,validation_loss_total_std,train_intention_macro_f1_mean,train_intention_macro_f1_std,validation_intention_macro_f1_mean,validation_intention_macro_f1_std,validation_pose_position_mae_cm_mean,validation_pose_position_mae_cm_std
hierarchical_gated_multimodal_transformer,Transformer v1,1,3,0.5020823575922272,0.011937733448414393,0.3196285459055235,0.019032922846403934,0.864508664257071,0.00435833069717262,0.8652457941101449,0.013047151885252422,14.641717592875162,0.7031352677915547
hierarchical_gated_multimodal_transformer,Transformer v1,2,3,0.27959754943324805,0.006619010618738096,0.24106516442774864,0.03440228030779432,0.9289012235336743,0.0032589715112842045,0.8988215695529074,0.023726267601776728,16.13971010843913,2.7739706439493133
hierarchical_gated_multimodal_transformer,Transformer v1,3,3,0.2170576743552821,0.00838698117377318,0.30221443041853646,0.024980163092704857,0.9454872237085573,0.0009675328580072878,0.8975635872660304,0.014675280773676533,17.118613878885906,4.574208184049315
hierarchical_gated_multimodal_transformer,Transformer v1,4,3,0.18069195303935234,0.007319576618988232,0.24867043658272334,0.03997514445553356,0.9545921022313979,0.0007515403630496162,0.9144415263948736,0.017189798340367834,17.38699467976888,3.7255041370117246
hierarchical_gated_multimodal_transformer,Transformer v1,5,3,0.1502798750682881,0.004755218695837574,0.2894278392284891,0.03236168120777994,0.9632325790734894,0.0006520929370850137,0.9143380942001859,0.010740910108256623,16.781209627787273,2.3926734770947626
hierarchical_gated_multimodal_transformer,Transformer v1,6,3,0.12863944302100624,0.005735534429194632,0.320613595591567,0.04491556917694183,0.968857728459308,0.002990746528827148,0.9072712589616737,0.013126619947721067,16.526068687438965,2.028629548701043
hierarchical_gated_multimodal_transformer,Transformer v1,7,3,0.1138950253343373,0.006568475812296222,0.3510318007696482,0.12791089857290006,0.9735952033153711,0.002220520475574662,0.9089989864086357,0.027326545619665875,15.76468022664388,3.369452465722921
hierarchical_gated_multimodal_transformer,Transformer v1,8,3,0.10560390824354009,0.002635400992191451,0.3404627399860117,0.1025485843807153,0.975643203883325,0.0007587229720677996,0.9202047793299899,0.02397938508945805,15.641777038574219,3.604500901998182
hierarchical_gated_multimodal_transformer,Transformer v1,9,3,0.09405093360038702,0.0020652629614996347,0.2991403228400789,0.034929302961830735,0.9778757708437319,0.001427923037447615,0.9241834640698049,0.004354282608163809,14.938104947408041,0.850113526415373
hierarchical_gated_multimodal_transformer,Transformer v1,10,3,0.08672977449927936,0.0032096009442449894,0.3550155878238393,0.0680662640073,0.9805145428615436,0.00019388969685123767,0.9165894718740407,0.007423582442757092,15.80429776509603,3.5993931021019874
hierarchical_gated_multimodal_transformer,Transformer v1,11,3,0.0780803787473001,0.001601382841845618,0.3534142898523143,0.11968641475554273,0.9828509375316473,0.0010421184674896454,0.925216740091707,0.012696509300981576,16.506936073303223,1.5595582811611624
hierarchical_gated_multimodal_transformer,Transformer v1,12,3,0.07826805389678236,0.005239008020757721,0.38040871543099425,0.1439345532636302,0.9831497272121191,0.001960074570536386,0.9178831103525561,0.023871439018973175,16.908427238464355,5.67501130093973
hierarchical_window_mlp,MLP,1,3,0.6043328974226065,0.005950480749634952,0.2611665777206141,0.01149441834038462,0.8403854084269584,0.005917691361916167,0.8935797307693484,0.009017727126414882,16.68380324045817,1.8224805969235542
hierarchical_window_mlp,MLP,2,3,0.3426061525391905,0.003264880349087019,0.294541686121124,0.018313305104818958,0.90947528860592,0.0019385497768910427,0.8876245519676645,0.00981633764178716,15.571820259094238,1.2121498130402961
hierarchical_window_mlp,MLP,3,3,0.2819503206955759,0.006838778784403788,0.24627666726742212,0.01854470484529402,0.9233355188681239,0.0021500685440237126,0.9063689396911808,0.0072234219452364905,16.81141249338786,1.6052745493034433
hierarchical_window_mlp,MLP,4,3,0.25269287035522753,0.007268985457081755,0.2610086396082132,0.031438748924246175,0.9304479427624911,0.000835532141988157,0.9051581028045385,0.011531803194837808,18.031327883402508,4.01383723483172
hierarchical_window_mlp,MLP,5,3,0.22146873993570346,0.0038936089919014705,0.27205398682143755,0.03417413641591737,0.9392034139635331,0.0014195459118160716,0.8996956391830735,0.01153753918050038,16.840643564860027,1.6920925178251753
hierarchical_window_mlp,MLP,6,3,0.20770438335182373,0.0037824724428380664,0.3195376098561238,0.049739390294190576,0.9441959900205045,0.0017275646717452634,0.8926372315437582,0.019049230048911663,16.550764401753742,0.9204616038993748
hierarchical_window_mlp,MLP,7,3,0.1932748998414006,0.0033157876262736516,0.31618984497422337,0.06730718670904355,0.9494868101979456,0.0008404825476453269,0.8995254635992768,0.015929238550785714,15.780332565307617,1.4153138890502182
hierarchical_window_mlp,MLP,8,3,0.17525276158854627,0.0064983869864795665,0.26545121299314295,0.03679045379319199,0.9546491813862322,0.0014989223348441027,0.9089828648636952,0.0018231778465772606,15.816079139709473,0.840933563537579
hierarchical_window_mlp,MLP,9,3,0.16213763327190753,0.00849677468674834,0.3010213930414544,0.053833946165319675,0.9586159965205149,0.0013928652892692686,0.9006005770723977,0.011030108142385272,16.767487208048504,1.766637394361667
hierarchical_window_mlp,MLP,10,3,0.14937209683552125,0.0038630070232571756,0.31315376512390675,0.035387289859059375,0.9614337011155977,0.0011715982120175342,0.9019514135533436,0.011857247362273497,17.57704480489095,1.4535381154823914
hierarchical_window_mlp,MLP,11,3,0.1487809695715183,0.010881793927820082,0.33197697327971104,0.010616534395623628,0.9635416199835732,0.002771845124929775,0.9034533643962382,0.009770350727961948,15.962749481201172,0.878077877767441
hierarchical_window_mlp,MLP,12,3,0.13695871637578597,0.008037730464495936,0.3450709699851378,0.042995627552558195,0.9663451820253517,0.000660445186884993,0.8983897696330138,0.016805340268559357,17.187861760457356,1.7862284191932203
hierarchical_window_mlp,MLP,13,3,0.13332966778492716,0.007361955838598725,0.3431990557847487,0.044906826719100415,0.9659111944189179,0.0012633530228170235,0.8956347396091592,0.005842265659046276,17.364591598510742,1.3472166561114334
hierarchical_window_mlp,MLP,14,3,0.12457943659243093,0.010053527131342017,0.3712209558179502,0.025414472899804582,0.9697234779322011,0.0031843756916879575,0.9003174708268697,0.005394280894649691,17.48721440633138,1.2274620321879328
hierarchical_window_mlp,MLP,15,3,0.12412440565104287,0.00793232319726401,0.3567515572276241,0.05055057242188541,0.970536520064999,0.0025947426720727604,0.8988487550061267,0.011652289179167129,17.215312321980793,1.5854916893546054
hierarchical_gru,GRU,1,3,0.4806623924928799,0.008963891314093753,0.27893363358452916,0.026018478183913833,0.8626877161746681,0.0027840710050626126,0.8837466636829775,0.008286542839256518,13.572843551635742,2.1040605760243563
hierarchical_gru,GRU,2,3,0.2601669014938045,0.010854555555740041,0.2654380123997833,0.060873448018753155,0.9287092902858962,0.0015352080835597433,0.8942861223836815,0.016622194545813422,15.377508481343588,2.5418821180143842
hierarchical_gru,GRU,3,3,0.1833416994719913,0.0011727111639342105,0.2504103062561743,0.06375944476494337,0.9495299071249063,0.001411287341203906,0.8992326919580657,0.014066839770780935,15.402253786722818,1.2088989144227402
hierarchical_gru,GRU,4,3,0.14614777561701967,0.000779888755897593,0.23908437246177283,0.004326297509714498,0.9604968094710742,0.0004566799186866774,0.9150186022426356,0.005712244295539203,15.403892517089844,2.050480306088496
hierarchical_gru,GRU,5,3,0.12200378812261319,0.0022437205982941875,0.31807075409890406,0.047307351603155204,0.9663400490108399,0.0011039228428579644,0.8954145823328519,0.014493859268626619,12.747798283894857,1.737915794956977
hierarchical_gru,GRU,6,3,0.10291595912277045,0.0025903048830420803,0.2843514037506216,0.024021411992130145,0.9732112342313881,0.0017645321150272417,0.9079894434719478,0.010248682905699679,16.658918698628742,4.962332740880562
hierarchical_gru,GRU,7,3,0.08710277743702917,0.004318916462851114,0.2817794445152059,0.03254863078872129,0.9775265925196744,0.0006546398816516194,0.9174572110907414,0.018801150486186722,14.77798875172933,2.055554877693374
hierarchical_gru,GRU,8,3,0.07389304300855944,0.0016169895071963208,0.32474682764068447,0.031688104837192935,0.9812509395667344,0.001510008200647668,0.9206858861121834,0.00447309189697238,14.45911693572998,1.6921341027814683
hierarchical_gru,GRU,9,3,0.06683299662218543,0.003083327410254696,0.3972437192379226,0.03501376008912228,0.9834064130813074,0.001058730131810454,0.9040592289907541,0.014237924550805093,14.109532038370768,2.3111186184720642
hierarchical_gru,GRU,10,3,0.065604408215568,0.005275238640072705,0.3785290551920875,0.01717729184875928,0.9841587193781899,0.0005084558347114917,0.914031421842035,0.007882278018185779,13.211149533589682,0.6082633021022413
hierarchical_gru,GRU,11,3,0.05638102580474591,0.0012664268426813789,0.5130901081610005,0.07922756306278622,0.9863972163986756,0.0006476848935346218,0.8960443125738077,0.015548894573198385,14.403961817423502,1.1341587222152114
hierarchical_gru,GRU,12,3,0.05159107870438643,0.0033929596505033457,0.4020575818282584,0.024658068676616005,0.9879339609677773,0.001349315857281258,0.9162240775008761,0.0030982680389642168,14.803192774454752,1.2294337788425396
hierarchical_gru,GRU,13,3,0.04537197635639786,0.0037373588347738465,0.4623114162081446,0.01483672016424969,0.9899845036414631,0.001046725928086107,0.910649783487024,0.0022485696947590955,14.895143191019693,2.629451012847411
hierarchical_gru,GRU,14,3,0.04037080966291556,0.004477129552163122,0.5081747870544572,0.09718334050170625,0.9917029987562321,0.00047641791258153744,0.9048280029893413,0.020431983643935846,14.533461570739746,1.0460621890895665
hierarchical_gru,GRU,15,3,0.040612269625508866,0.0009556793561063792,0.5618193844907726,0.16640837274070683,0.9914650415686825,0.000792216335354443,0.896066338870828,0.021740026656202813,15.792193412780762,2.7922258769315174
hierarchical_residual_pose_transformer_v2,Residual Transformer v2,1,3,0.5815712999513275,0.009377167693082921,0.27227972966358466,0.045401083065808236,0.8533850625460184,0.0018218168052385342,0.891408290452471,0.022348986364911123,8.728623708089193,0.654050070147588
hierarchical_residual_pose_transformer_v2,Residual Transformer v2,2,3,0.3111424732718029,0.011093941265113545,0.26864415189559243,0.04415926929371215,0.9261274272026422,0.003002577263246761,0.8955091564139174,0.023881864460921828,10.319281578063965,1.429454361004085
hierarchical_residual_pose_transformer_v2,Residual Transformer v2,3,3,0.24083856621136268,0.0067308951035567,0.27078555198245485,0.04098882994682569,0.9425930196260826,0.0011894572009237309,0.8958324525274682,0.01708619690541372,9.35258960723877,1.2417207690040692
hierarchical_residual_pose_transformer_v2,Residual Transformer v2,4,3,0.1999568858997602,0.002324822608588343,0.3287639927719244,0.01023803300257969,0.9519666813197462,0.0008035253304352705,0.8942982125099407,0.001954640508143752,10.322065671284994,0.9026987658323848
hierarchical_residual_pose_transformer_v2,Residual Transformer v2,5,3,0.16466877171769737,0.006385575113165725,0.31958706468848047,0.05591878739766478,0.9612001211569151,0.0010555894957347256,0.9080167769197837,0.005769043627389355,9.114830017089844,0.873754520770729
hierarchical_residual_pose_transformer_v2,Residual Transformer v2,6,3,0.14223565472731073,0.006004138522701397,0.29251406191605217,0.037978539371268306,0.9658222309328535,0.00113641581453196,0.9155015890622565,0.01245819157085796,9.522149403889975,1.9257861755532018
hierarchical_residual_pose_transformer_v2,Residual Transformer v2,7,3,0.12383953272422221,0.0022666962418957087,0.3515983947544095,0.03126981317114743,0.9717889981349562,0.000321965483132478,0.9083322257238763,0.0023476141141046407,9.130748430887857,0.48146011960447593
hierarchical_residual_pose_transformer_v2,Residual Transformer v2,8,3,0.10965658728490796,0.006110332076243558,0.37048679835896364,0.0284213411175989,0.975101570468088,0.0015488873450196713,0.9081641459146059,0.014594906743973932,8.56171703338623,0.7753465269739455
hierarchical_residual_pose_transformer_v2,Residual Transformer v2,9,3,0.10388236046997472,0.006844652941708344,0.3729417068904392,0.10618856230205743,0.9769805040680296,0.0011336687283340489,0.9025655423726805,0.01991841261367613,7.913564840952556,0.37489676513433473
hierarchical_residual_pose_transformer_v2,Residual Transformer v2,10,3,0.09332226233409817,0.004258723921121194,0.47308208521063805,0.11783638986293439,0.9779754036353947,0.0004771267233161693,0.9063116780764494,0.023321533596338307,8.21760924657186,0.9768864495014898
hierarchical_residual_pose_transformer_v2,Residual Transformer v2,11,3,0.08493552605735889,0.00514899450356576,0.47726934138346006,0.07020037485306378,0.9816702291282681,0.002166819917310217,0.9096659025067537,0.01920061325166452,8.427143414815268,0.08446758111806
hierarchical_residual_pose_transformer_v2,Residual Transformer v2,12,3,0.07917631733696907,0.005502469296069685,0.45858512008124946,0.018032655436298086,0.9825906581744285,0.0010236788122958262,0.9055712963737892,0.013661680735099182,8.685736338297525,0.5015131532522765
hierarchical_residual_pose_transformer_v2,Residual Transformer v2,13,3,0.07349159986728378,0.002477116884592334,0.49447542083182894,0.03930208931404548,0.98486971923937,0.000263577203716032,0.9038366039558673,0.00791842366377265,8.344237645467123,0.7330707258717111
hierarchical_residual_pose_transformer_v2,Residual Transformer v2,14,3,0.06906154065895335,0.0016320382844971265,0.525252167808046,0.05043597429586133,0.9854363592307358,0.0012307231947961954,0.8953123421303756,0.020843515760580886,8.675669034322103,0.7030392119327094
hierarchical_residual_pose_transformer_v2,Residual Transformer v2,15,3,0.06283045837625027,0.0011503189477944994,0.5377092170623538,0.07928965011945638,0.9875155715822496,0.0016631569425611262,0.9091714236396365,0.0073672702438891645,8.62461233139038,0.806514349769492
hierarchical_residual_pose_transformer_v2,Residual Transformer v2,16,3,0.060472296165678195,0.007734584977808722,0.5249088046044655,0.08621882185398407,0.9874499589531635,0.0017653676265914236,0.9061026781233744,0.022695917173088772,8.159613450368246,0.17249066022534376
hierarchical_residual_pose_transformer_v2,Residual Transformer v2,17,3,0.054808383379662574,0.004017534085252381,0.5350418527275683,0.03259838381610142,0.9888391773822357,0.0007536194201851264,0.902040940005437,0.004959378331004913,9.605976740519205,1.1270904472172858
