variant,seed,run_dir,test_intention_macro_f1,test_intention_accuracy,test_receiving_hand_macro_f1,test_pose_mae_cm,test_pose_end_to_end_mae_cm,test_pose_at_intention_checkpoint_mae_cm,test_pose_end_to_end_at_intention_checkpoint_mae_cm,test_intention_macro_f1_at_pose_checkpoint,trainable_parameters,wall_seconds
full,42,/Users/dersandmannhd/Desktop/Semester 3/Master Thesis/Master-Thesis---Multi-modal-User-Intention-Estimation-and-Hand-Position-Prediction/Training/runs/dataset_v2_20260802_n214_5d136a34/benchmark_v2/residual_v2/benchmark_v2_residual_v2_seed42,0.8566509922081949,0.9076853394508362,0.9591727101799623,14.504495620727539,14.56942081451416,15.238311767578125,15.145304679870605,0.842730260458341,184015,
full,43,/Users/dersandmannhd/Desktop/Semester 3/Master Thesis/Master-Thesis---Multi-modal-User-Intention-Estimation-and-Hand-Position-Prediction/Training/runs/dataset_v2_20260802_n214_5d136a34/benchmark_v2/residual_v2/benchmark_v2_residual_v2_seed43,0.8575715814308219,0.9004092812538147,0.9516923565866836,14.607304573059082,14.657346725463867,17.06598472595215,16.90272331237793,0.8584362989040306,184015,
full,44,/Users/dersandmannhd/Desktop/Semester 3/Master Thesis/Master-Thesis---Multi-modal-User-Intention-Estimation-and-Hand-Position-Prediction/Training/runs/dataset_v2_20260802_n214_5d136a34/benchmark_v2/residual_v2/benchmark_v2_residual_v2_seed44,0.8595006526041008,0.9013187885284424,0.9591727101799623,14.761270523071289,14.826062202453613,15.547897338867188,15.353012084960938,0.8359020762158492,184015,
no_gaze,42,/Users/dersandmannhd/Desktop/Semester 3/Master Thesis/Master-Thesis---Multi-modal-User-Intention-Estimation-and-Hand-Position-Prediction/Training/runs/dataset_v2_20260802_n214_5d136a34/modality_ablation_v1/no_gaze/modality_ablation_v1_no_gaze_seed42,0.7489124964041244,0.8076398372650146,0.9682257643062451,14.737839698791504,14.823987007141113,14.708499908447266,14.77389144897461,0.7746968941145984,176847,958.3993284759927
no_gaze,43,/Users/dersandmannhd/Desktop/Semester 3/Master Thesis/Master-Thesis---Multi-modal-User-Intention-Estimation-and-Hand-Position-Prediction/Training/runs/dataset_v2_20260802_n214_5d136a34/modality_ablation_v1/no_gaze/modality_ablation_v1_no_gaze_seed43,0.8307240342855432,0.875852644443512,0.9717228091156733,13.853718757629395,13.759422302246094,14.626640319824219,14.586851119995117,0.789004502852339,176847,661.7075835409923
no_gaze,44,/Users/dersandmannhd/Desktop/Semester 3/Master Thesis/Master-Thesis---Multi-modal-User-Intention-Estimation-and-Hand-Position-Prediction/Training/runs/dataset_v2_20260802_n214_5d136a34/modality_ablation_v1/no_gaze/modality_ablation_v1_no_gaze_seed44,0.8042925957080254,0.8531150817871094,0.9513548111798592,14.271291732788086,14.393465042114258,14.987076759338379,15.02833366394043,0.7972199475344128,176847,460.2775128079811
no_hands,42,/Users/dersandmannhd/Desktop/Semester 3/Master Thesis/Master-Thesis---Multi-modal-User-Intention-Estimation-and-Hand-Position-Prediction/Training/runs/dataset_v2_20260802_n214_5d136a34/modality_ablation_v1/no_hands/modality_ablation_v1_no_hands_seed42,0.7143612762496305,0.8030923008918762,0.42491551002189304,15.840845108032227,22.89999771118164,15.953620910644531,22.473787307739258,0.7169469989267081,179407,583.2469767350121
no_hands,43,/Users/dersandmannhd/Desktop/Semester 3/Master Thesis/Master-Thesis---Multi-modal-User-Intention-Estimation-and-Hand-Position-Prediction/Training/runs/dataset_v2_20260802_n214_5d136a34/modality_ablation_v1/no_hands/modality_ablation_v1_no_hands_seed43,0.7824326216340042,0.8535698056221008,0.41988304093567247,17.175153732299805,23.22004508972168,17.31182098388672,24.095172882080078,0.6981025223468696,179407,638.3390763360076
no_hands,44,/Users/dersandmannhd/Desktop/Semester 3/Master Thesis/Master-Thesis---Multi-modal-User-Intention-Estimation-and-Hand-Position-Prediction/Training/runs/dataset_v2_20260802_n214_5d136a34/modality_ablation_v1/no_hands/modality_ablation_v1_no_hands_seed44,0.7589634420182086,0.8344702124595642,0.41312741312741313,16.5648193359375,23.31877899169922,18.81011390686035,24.609973907470703,0.6999347502957294,179407,361.21739872399485
no_objects,42,/Users/dersandmannhd/Desktop/Semester 3/Master Thesis/Master-Thesis---Multi-modal-User-Intention-Estimation-and-Hand-Position-Prediction/Training/runs/dataset_v2_20260802_n214_5d136a34/modality_ablation_v1/no_objects/modality_ablation_v1_no_objects_seed42,0.8822329694175827,0.9158708453178406,0.9717228091156733,14.417486190795898,14.334670066833496,15.190808296203613,14.952482223510742,0.8778304573761845,170191,501.35815556399757
no_objects,43,/Users/dersandmannhd/Desktop/Semester 3/Master Thesis/Master-Thesis---Multi-modal-User-Intention-Estimation-and-Hand-Position-Prediction/Training/runs/dataset_v2_20260802_n214_5d136a34/modality_ablation_v1/no_objects/modality_ablation_v1_no_objects_seed43,0.8869393960514468,0.9236016273498535,0.9803330443670992,14.416321754455566,14.308813095092773,14.352326393127441,14.681251525878906,0.8555868261557614,170191,384.72368505597115
no_objects,44,/Users/dersandmannhd/Desktop/Semester 3/Master Thesis/Master-Thesis---Multi-modal-User-Intention-Estimation-and-Hand-Position-Prediction/Training/runs/dataset_v2_20260802_n214_5d136a34/modality_ablation_v1/no_objects/modality_ablation_v1_no_objects_seed44,0.8843046797407131,0.920418381690979,0.9921079958463137,13.932418823242188,14.01956844329834,13.932418823242188,14.01956844329834,0.8843046797407131,170191,535.9746850630036
no_vio,42,/Users/dersandmannhd/Desktop/Semester 3/Master Thesis/Master-Thesis---Multi-modal-User-Intention-Estimation-and-Hand-Position-Prediction/Training/runs/dataset_v2_20260802_n214_5d136a34/modality_ablation_v1/no_vio/modality_ablation_v1_no_vio_seed42,0.8265973705919974,0.8813096880912781,0.8362068965517242,16.427217483520508,16.307340621948242,15.723443031311035,16.69829559326172,0.8669693767894815,181711,626.5207629859797
no_vio,43,/Users/dersandmannhd/Desktop/Semester 3/Master Thesis/Master-Thesis---Multi-modal-User-Intention-Estimation-and-Hand-Position-Prediction/Training/runs/dataset_v2_20260802_n214_5d136a34/modality_ablation_v1/no_vio/modality_ablation_v1_no_vio_seed43,0.80096961944264,0.8676671385765076,0.9633867276887871,14.627872467041016,14.600150108337402,14.549985885620117,14.613170623779297,0.8135847510509496,181711,658.3135480789933
no_vio,44,/Users/dersandmannhd/Desktop/Semester 3/Master Thesis/Master-Thesis---Multi-modal-User-Intention-Estimation-and-Hand-Position-Prediction/Training/runs/dataset_v2_20260802_n214_5d136a34/modality_ablation_v1/no_vio/modality_ablation_v1_no_vio_seed44,0.8391545338620364,0.8840382099151611,0.910576963482792,14.240983009338379,14.368590354919434,15.684170722961426,15.336889266967773,0.7899313911672796,181711,1150.0707713760203
